jellycatid,jellycatname,size,price,stock,datecreated,height,width
22816326-fae2-44b1-8695-37606890a693,Bashful Luxe Bunny Azure,HUGE,85.0,In Stock,2024/01/07 18:41:28,20,8
22816326-fae2-44b1-8695-37606890a693,Bashful Luxe Bunny Azure,MEDIUM,35.0,In Stock,2024/01/07 18:41:28,12,5
07eb2d66-f853-4948-928e-76b56e748ea2,All Kinds of Cats Book,ONE SIZE,15.0,In Stock,2024/01/07 18:41:29,9,7
31015445-e0cc-41a2-88ba-491eab250459,Fergus Frog,ONE SIZE,50.0,In Stock,2024/01/07 18:41:31,13,4
a31ab873-026a-498e-95f2-61183fb97abc,Jellycat Head Giant,ONE SIZE,220.0,In Stock,2024/01/07 18:41:33,22,24
7f428935-3368-4521-b443-00ea56b3ab9e,Jellycat Jack,REALLY BIG,165.0,In Stock,2024/01/07 18:41:35,26,9
7f428935-3368-4521-b443-00ea56b3ab9e,Jellycat Jack,HUGE,110.0,In Stock,2024/01/07 18:41:35,19,6
7f428935-3368-4521-b443-00ea56b3ab9e,Jellycat Jack,MEDIUM,45.0,Returning to stock next week,2024/01/07 18:41:35,13,4
190d3ec8-9934-4244-8e02-2976ccc991d7,Jellycat Bag Charm,ONE SIZE,28.0,In Stock,2024/01/07 18:41:37,5,4
c3271d4a-fa34-41c4-9434-f5ae0da5167c,Jellycat Bag,ONE SIZE,45.0,In Stock,2024/01/07 18:41:39,6,9
08a1740a-53c3-421e-814b-6a2d5bfa8cd3,Junglie Monkey,MEDIUM,55.0,In Stock,2024/01/07 18:41:41,18,7
ce507706-442e-4cf7-9f71-766063c8ef75,Truffles Sheep,LARGE,110.0,In Stock,2024/01/07 18:41:43,9,25
0fe12504-f31c-443d-a962-995d2171abf1,Golden Dragon,HUGE,120.0,In Stock,2024/01/07 18:41:45,7,26
0fe12504-f31c-443d-a962-995d2171abf1,Golden Dragon,LARGE,65.0,In Stock,2024/01/07 18:41:45,5,20
0fe12504-f31c-443d-a962-995d2171abf1,Golden Dragon,LITTLE,32.5,In Stock,2024/01/07 18:41:45,3,12
bd9635ed-f700-40af-bf35-39a68ba5656c,Golden Dragon Bag Charm,ONE SIZE,28.0,In Stock,2024/01/07 18:41:47,5,9
3999f7ff-ee70-44aa-b076-42c9ac0a30ed,Lavender Dragon Bag Charm,ONE SIZE,28.0,In Stock,2024/01/07 18:41:49,5,9
72b7239b-a364-4cd5-9194-f27a43542102,Little Dragon Bag Charm,ONE SIZE,23.0,In Stock,2024/01/07 18:41:50,7,2
c959e1b8-510c-4db0-aead-87f5ef6cfd18,Rose Dragon Bag Charm,ONE SIZE,28.0,In Stock,2024/01/07 18:41:52,5,9
8f8d417a-6196-497b-a247-b0f67114fb2c,Snow Dragon Bag Charm,ONE SIZE,28.0,In Stock,2024/01/07 18:41:53,5,9
e6be0e35-8b3e-43aa-950e-1885530d6c5b,Aimee Sheep,ONE SIZE,40.0,In Stock,2024/01/07 18:41:55,8,9
958c1733-e8e9-4723-a2a3-0c1965835414,Bashful Red Love Heart Bunny,MEDIUM,32.0,In Stock,2024/01/07 18:41:57,12,5
958c1733-e8e9-4723-a2a3-0c1965835414,Bashful Red Love Heart Bunny,SMALL,25.0,In Stock,2024/01/07 18:41:57,7,4
6ccdb3ba-4c42-4bb6-b15e-685975e78113,Fabian Frog Prince,ONE SIZE,40.0,In Stock,2024/01/07 18:41:58,9,8
064193ad-2983-47a0-940e-8b14f71a812d,Loulou Love Bug,ONE SIZE,20.0,In Stock,2024/01/07 18:42:00,2,5
b063c2a8-44f0-4626-a552-6a0f73bfcc63,Amore Bunny,MEDIUM,40.0,In Stock,2024/01/07 18:42:02,10,7
b09dfa48-c94d-48bc-a18b-3779a4a0e360,Bibbly Bobbly Sheep,ONE SIZE,55.0,In Stock,2024/01/07 18:42:04,14,9
b9bdd743-c78d-484e-9184-ef409696de96,Brynlee Bee,ONE SIZE,28.0,In Stock,2024/01/07 18:42:05,5,6
438416e2-976d-4b0d-8c25-21ebd3ebfc53,Bartholomew Bear Bathrobe,MEDIUM,45.0,In Stock,2024/01/07 18:42:07,10,5
5cfe3067-d1ad-4bde-a665-d41d8275433e,Bashful Duckling,MEDIUM,28.0,In Stock,2024/01/07 18:42:09,12,5
84bcc7b4-65a2-434a-8e48-66b963e8b2fe,Bashful Moss Bunny,MEDIUM,28.0,In Stock,2024/01/07 18:42:11,12,5
84bcc7b4-65a2-434a-8e48-66b963e8b2fe,Bashful Moss Bunny,SMALL,18.0,In Stock,2024/01/07 18:42:11,7,4
8584cd9c-9462-4794-9b65-bc23c1357ace,Bashful Viola Bunny,MEDIUM,28.0,In Stock,2024/01/07 18:42:12,12,5
8584cd9c-9462-4794-9b65-bc23c1357ace,Bashful Viola Bunny,SMALL,18.0,In Stock,2024/01/07 18:42:12,7,4
da7c0ebe-20c0-4879-9832-237d72a1b3e1,Bashful Bunny with Carrot,SMALL,28.0,In Stock,2024/01/07 18:42:14,7,4
36f60234-e3f8-43a1-a1f8-f9596873694d,Bashful Bunny with Daffodil,SMALL,28.0,In Stock,2024/01/07 18:42:15,7,4
7add5bbb-d7c4-4e71-b4cd-4adaa0dce1d1,Lottie Fairy Bunny Book,ONE SIZE,15.0,In Stock,2024/01/07 18:42:17,7,7
74f46357-68ba-4157-bfb9-ac7418ec62fe,Blossom Cherry Bunny,MEDIUM,28.0,In Stock,2024/01/07 18:42:19,12,5
74f46357-68ba-4157-bfb9-ac7418ec62fe,Blossom Cherry Bunny,SMALL,18.0,In Stock,2024/01/07 18:42:19,7,4
ce1f16b9-9953-4942-8135-acbe00b6ec0c,Dainty Dessert Bunny Macaron,ONE SIZE,28.0,In Stock,2024/01/07 18:42:20,5,5
ed927894-98ab-43cd-be3a-8e80a5f1889d,Lottie Bunny Fairy,ONE SIZE,32.5,In Stock,2024/01/07 18:42:22,11,3
638cb420-b353-4cb2-aab7-fad54b57c8db,Messenger Bunny,ONE SIZE,32.5,In Stock,2024/01/07 18:42:24,7,5
a5a368b5-f11a-4ca4-82ed-3489cecbdd16,Amore Corgi,MEDIUM,40.0,In Stock,2024/01/07 18:42:25,10,7
e82d969b-8525-431c-8dd7-a718cc9d0f96,Bartholomew Bear Pumpkin,LARGE,50.0,In Stock,2024/01/07 18:42:27,14,8
59b5d646-0fe2-443a-9c67-c5dc10396313,Bashful Pegasus,MEDIUM,28.0,In Stock,2024/01/07 18:42:29,12,5
457a2ca8-24c6-495e-af96-c6e0c0a0efec,If I Were an Owl Board Book,ONE SIZE,13.5,In Stock,2024/01/07 18:42:30,6,6
910f325b-0123-46a6-b842-24eb79e9e746,Betty Corgi Bag Charm,ONE SIZE,23.0,In Stock,2024/01/07 18:42:32,4,2
e5994d9a-fcbe-48ec-bb68-c51655ed686d,Rory Le Courageux Petit Lion Livre (The Very Brave Lion),ONE SIZE,15.0,In Stock,2024/01/07 18:42:34,9,9
7849e6bd-30f9-4315-add2-1b974c62f433,Lapin Timide Et Ses Petites Aventures Livre (Little Me),ONE SIZE,15.0,In Stock,2024/01/07 18:42:36,8,8
232cb13c-eeb3-4d69-8d57-b5fa63a25857,Lapin Timide Veille Sur Tes Nuits Livre (The Magic Bunny),ONE SIZE,15.0,In Stock,2024/01/07 18:42:37,7,7
327dbde5-b1e8-47c4-8a42-679f6d531be5,Lapin Timide Veut Grandir Livre (When I Am Big),ONE SIZE,15.0,In Stock,2024/01/07 18:42:39,8,8
9e39c28e-92ca-4095-bbb6-27198330ee3a,Bodacious Beak Parrot,ONE SIZE,30.0,In Stock,2024/01/07 18:42:40,9,4
312cbf6e-7fb6-46e7-837c-28f17c13820b,Bodacious Beak Toucan,ONE SIZE,30.0,In Stock,2024/01/07 18:42:42,9,4
534d2048-12ed-4af1-8410-d9c9ce4a5df6,Bryno Dino,ONE SIZE,55.0,In Stock,2024/01/07 18:42:44,12,6
398db7bd-d585-48af-a5ee-3205b76c7e46,Coquette Cutie Bunny,ONE SIZE,32.5,In Stock,2024/01/07 18:42:46,10,2
b251ce4c-0b5d-4d54-b4e2-93d3f1809797,Comfy Coat Bunny,ONE SIZE,25.0,In Stock,2024/01/07 18:42:47,7,3
105dea96-97f9-42d8-9ff7-935d182e1c8c,Comfy Coat Mouse,ONE SIZE,25.0,In Stock,2024/01/07 18:42:49,7,3
c9473ecd-5dc2-44d8-8fc9-26c931205760,Cuddlebud Bernard Bunny,ONE SIZE,28.0,In Stock,2024/01/07 18:42:50,6,4
d5f2d136-65a5-459b-9b9c-c1e7826aeb63,Cuddlebud Darcy Dormouse,ONE SIZE,28.0,In Stock,2024/01/07 18:42:52,6,4
48e0bf39-633a-4100-ad23-dbc6a986fbbb,Cuddlebud Morgan Mole,ONE SIZE,28.0,In Stock,2024/01/07 18:42:54,6,4
68985cec-fe4d-4570-8328-ca92cbe307bc,Spooky Greta Gremlin,ONE SIZE,40.0,In Stock,2024/01/07 18:42:56,11,4
e524356d-55c7-4a84-810a-d7de1823460d,Harvey Bear,ONE SIZE,150.0,In Stock,2024/01/07 18:42:57,11,25
997a3780-b0fb-4f00-9fb1-b6ebdbf4b4e3,Huddles Grey Elephant,ONE SIZE,45.0,In Stock,2024/01/07 18:42:59,10,6
160136a1-278b-4523-bc94-77aa4dc7ee9c,Isadora Unicorn,ONE SIZE,65.0,In Stock,2024/01/07 18:43:01,13,13
78c00f2f-ff2f-47ed-9b01-4d3ada172780,Little Dragon,ONE SIZE,22.0,In Stock,2024/01/07 18:43:02,7,4
4b235d09-ffdd-42d0-be34-06cb96b03366,Lois Lionfish,ONE SIZE,35.0,In Stock,2024/01/07 18:43:04,6,10
02d22a6c-22e6-4024-b663-35d59abbd497,Napping Nipper Westie,ONE SIZE,25.0,In Stock,2024/01/07 18:43:06,4,6
a15de7f5-2e3d-4b97-a4aa-97be9a1cb7f0,Otto Sausage Dog Bag Charm,ONE SIZE,23.0,In Stock,2024/01/07 18:43:07,4,2
0ad5fa13-9e5a-40f9-8ead-e07c309940f4,Ricky Rain Frog Bag,ONE SIZE,40.0,In Stock,2024/01/07 18:43:09,7,7
45d02e06-128b-44bc-aed8-2a36e3ac2f9f,Stellan Sabre Tooth Tiger,ONE SIZE,75.0,In Stock,2024/01/07 18:43:10,19,7
ca2d95da-1878-4f46-8102-8622c06941d0,Sweater French Bulldog Purple,ONE SIZE,32.5,In Stock,2024/01/07 18:43:12,7,7
bf4120ff-c82b-4e0b-bdbc-817224a48cc5,Bashful Snow Tiger Soother,ONE SIZE,25.0,In Stock,2024/01/07 18:43:13,13,13
5b539f39-a4fe-40cb-94ca-384637510831,Spindleshanks Spider,SMALL,27.5,In Stock,2024/01/07 18:43:15,3,14
f74c084f-c754-4c51-8559-4dfec518063d,Stanley Stick Insect,ONE SIZE,28.0,In Stock,2024/01/07 18:43:17,3,11
6f038f03-dceb-40e3-b594-dde420023e87,Timmy Turtle,ONE SIZE,40.0,In Stock,2024/01/07 18:43:18,11,8
77ea0fe0-618e-4df8-8e51-e15dd2f8d552,Viggo Mammoth,ONE SIZE,75.0,In Stock,2024/01/07 18:43:20,19,7
0e3c2c55-2ea9-494b-bc65-6c8a670d1d3d,Maya Octopus,REALLY BIG,130.0,In Stock,2024/01/07 18:43:22,30,12
0e3c2c55-2ea9-494b-bc65-6c8a670d1d3d,Maya Octopus,LARGE,53.0,In Stock,2024/01/07 18:43:22,19,7
0e3c2c55-2ea9-494b-bc65-6c8a670d1d3d,Maya Octopus,LITTLE,30.0,Returning to stock 3-4 weeks,2024/01/07 18:43:22,9,4
0e3c2c55-2ea9-494b-bc65-6c8a670d1d3d,Maya Octopus,TINY,18.0,Returning to stock 3-4 weeks,2024/01/07 18:43:22,6,3
8eec7c7c-e42b-4401-9fc3-afa4bd5efc1d,Albert Jack Russell,ONE SIZE,30.0,In Stock,2024/01/07 18:43:24,7,6
efdd6cea-2f2b-42e1-82b8-b234e8ce77bf,Birdling Hummingbird,ONE SIZE,17.0,In Stock,2024/01/07 18:43:26,4,2
b795c9e9-610d-44a4-a6e5-11bcff30769f,Bartholomew Bear Bedtime,MEDIUM,30.0,In Stock,2024/01/07 18:43:27,10,5
c746483b-7ad5-4f85-b131-20a4265b62cf,Bashful Christmas Bunny,MEDIUM,27.5,In Stock,2024/01/07 18:43:29,12,5
941b17e9-f801-408b-ac17-1a241d1e395b,Bashful Luxe Bunny Luna,HUGE,85.0,In Stock,2024/01/07 18:43:31,20,8
941b17e9-f801-408b-ac17-1a241d1e395b,Bashful Luxe Bunny Luna,MEDIUM,35.0,In Stock,2024/01/07 18:43:31,12,5
2e602519-e8f1-427d-abbf-96e78a87e341,Bashful Christmas Bunny Decoration,TINY,15.0,In Stock,2024/01/07 18:43:32,5,2
72d39a31-6de2-4f9d-8d92-5b6f9c522b09,Merry Mouse Book,ONE SIZE,15.0,In Stock,2024/01/07 18:43:34,7,7
7751a6fc-829a-42e7-8b94-d8f8d06b11cd,Otto’s Snowy Christmas Book,ONE SIZE,15.0,In Stock,2024/01/07 18:43:35,7,9
6e9faff1-1be3-4df2-b168-6098f4e2ca17,The Playful Polar Bears Book,ONE SIZE,15.0,In Stock,2024/01/07 18:43:37,8,8
0ac300a8-8f78-463f-b060-503fe972abad,Mitzi Reindeer’s Dream Book,ONE SIZE,15.0,In Stock,2024/01/07 18:43:39,8,8
afa774e7-9f03-4d4d-ad46-d520e5e00b50,Festive Folly Penguin,ONE SIZE,12.5,In Stock,2024/01/07 18:43:41,4,2
96ab05cb-1bd6-42ec-84ee-21d884727860,Sofia Reindeer,ONE SIZE,60.0,In Stock,2024/01/07 18:43:43,17,5
e65e42c4-39a9-4d9d-ac34-e842820395ed,Christmas Grizzo,ONE SIZE,37.5,In Stock,2024/01/07 18:43:44,11,4
448555a6-4001-425a-8e01-8a52068d109e,Maurice Macaroni Penguin,ONE SIZE,32.5,In Stock,2024/01/07 18:43:46,8,5
d3b0171f-c167-413d-bc0c-e252bb0b9449,Merry Mouse,ONE SIZE,27.5,In Stock,2024/01/07 18:43:49,7,4
2bc7caa6-0002-4a7b-9741-0e8e86fab917,Merry Mouse Present,ONE SIZE,27.5,In Stock,2024/01/07 18:43:51,7,4
80f7203b-bbff-4b3a-ad0a-a0ad4ca8e1ee,Merry Mouse Skiing,ONE SIZE,37.5,In Stock,2024/01/07 18:43:52,8,5
121a6ce2-da4a-4aeb-a5f5-748435a67aec,Winter Warmer Otto Sausage Dog,ONE SIZE,32.5,In Stock,2024/01/07 18:43:54,6,3
8465ae8d-97a0-4b77-be11-34caf69acb2e,Personalised Bashful Luxe Bunny Luna Huge,HUGE,91.0,In Stock,2024/01/07 18:43:56,20,8
bcc193dc-691a-417c-8f59-8779aeffd7c1,Personalised Bashful Luxe Bunny Luna Medium,MEDIUM,41.0,In Stock,2024/01/07 18:43:58,12,5
6e055f00-5906-485e-8ab6-61909781f016,Winter Warmer Pippa Black Labrador,ONE SIZE,32.5,In Stock,2024/01/07 18:43:59,9,3
6932ccbe-56ba-43a9-b787-af72404d7a75,Santa Ricky Rain Frog,ONE SIZE,35.0,In Stock,2024/01/07 18:44:01,6,5
5758bd9a-18ff-43cc-87ea-f6690d3a1236,Otto's Snowy Christmas Book & Winter Warmer Otto Sausage Dog,ONE SIZE,47.5,In Stock,2024/01/07 18:44:03,,
6defe594-f4ea-4afa-aa43-abb64059af94,Amuseabean Bunny,ONE SIZE,20.0,In Stock,2024/01/07 18:44:04,4,4
d7d71859-6f2f-49f5-b99d-52495cf0fd43,Amuseabean Highland Cow,ONE SIZE,20.0,In Stock,2024/01/07 18:44:06,4,4
a4d712d6-e1cc-4482-ad9c-398f4fc26fad,Amuseabean Ram,ONE SIZE,20.0,In Stock,2024/01/07 18:44:07,4,4
621d2a59-9351-4db8-b966-4593e35c2465,Bashful Luxe Bunny Rosa,HUGE,85.0,More on the way,2024/01/07 18:44:09,20,8
621d2a59-9351-4db8-b966-4593e35c2465,Bashful Luxe Bunny Rosa,MEDIUM,35.0,In Stock,2024/01/07 18:44:09,12,5
fb7ece99-0ae7-47b5-bfab-ea5125286bb6,Bashful Luxe Bunny Willow,HUGE,85.0,More on the way,2024/01/07 18:44:13,20,8
fb7ece99-0ae7-47b5-bfab-ea5125286bb6,Bashful Luxe Bunny Willow,MEDIUM,35.0,In Stock,2024/01/07 18:44:13,12,5
3029056b-c9ff-4b59-86e7-39bfe46356f8,Birdling Goldfinch,ONE SIZE,17.0,In Stock,2024/01/07 18:44:15,4,3
b3a5e660-0f29-4407-8bd6-7f37d9cb55d7,Birdling Swallow,ONE SIZE,17.0,In Stock,2024/01/07 18:44:16,4,3
e97afc13-8835-4ac9-a00f-366fc568cfcb,Blowzy Belle Sheep,ONE SIZE,37.5,In Stock,2024/01/07 18:44:18,16,4
0adb66f5-a6c3-46bd-9d60-17aaa181f5b4,Fou Fou Ostrich,ONE SIZE,28.5,In Stock,2024/01/07 18:44:19,8,6
b126f743-e6bb-4131-bf66-f1f3be15875d,Fou Fou Peacock,ONE SIZE,28.5,In Stock,2024/01/07 18:44:21,8,6
d4791968-253f-4a45-90d0-6ea162b50660,Fuzzkin Monkey,ONE SIZE,25.0,In Stock,2024/01/07 18:44:22,9,4
810bcb2e-7a2c-44d6-b776-115de94675da,Ginny Goat,ONE SIZE,35.0,In Stock,2024/01/07 18:44:24,10,6
eb1a2e4b-cef8-4b66-8113-9b8a1653658c,Gracie Grouper Fish,ONE SIZE,30.0,In Stock,2024/01/07 18:44:26,4,10
8156636a-5cd3-4fb0-ad7e-1a4bef9b3632,Hector Fox Terrier,ONE SIZE,35.0,In Stock,2024/01/07 18:44:27,9,4
d96ababd-21cd-47b4-8e2f-9fde80d3a006,Jinx Monster,ONE SIZE,35.0,In Stock,2024/01/07 18:44:29,17,6
072705df-8b39-4a7a-b8ec-7da316200038,Jollipop Cat,ONE SIZE,23.5,In Stock,2024/01/07 18:44:30,8,4
a879eb50-849f-41ae-af70-a1b131506956,Jollipop Puppy,ONE SIZE,23.5,In Stock,2024/01/07 18:44:32,8,4
b67ff306-c2b0-439b-95f6-db42c181a216,Lavender Dragon,HUGE,120.0,In Stock,2024/01/07 18:44:34,7,26
b67ff306-c2b0-439b-95f6-db42c181a216,Lavender Dragon,MEDIUM,65.0,In Stock,2024/01/07 18:44:34,5,20
b67ff306-c2b0-439b-95f6-db42c181a216,Lavender Dragon,LITTLE,32.5,In Stock,2024/01/07 18:44:34,3,12
aa6ea7eb-00e1-4434-91db-0030a1dfc833,Lila Ballerina Bunny,ONE SIZE,35.0,In Stock,2024/01/07 18:44:36,13,2
f400fb25-7101-4273-860e-7af5ce6dd423,Madison Monkey,ONE SIZE,32.5,In Stock,2024/01/07 18:44:37,13,2
5a3cd263-6350-4f75-b35e-e120033ada7e,Ollivander the Orca,ONE SIZE,70.0,In Stock,2024/01/07 18:44:39,9,25
26f8c163-9a46-476e-87ae-01e1fc4eea2b,Oswald Orangutan,ONE SIZE,65.0,In Stock,2024/01/07 18:44:41,13,12
cbb77014-cd14-431f-9977-5f2ccde9b8f1,Personalised Bashful Luxe Bunny Willow Huge,HUGE,91.0,In Stock,2024/01/07 18:44:43,20,8
1a21a35a-57a1-4503-b04f-d50efd8ce699,Personalised Bashful Luxe Bunny Rosa Medium,MEDIUM,41.0,In Stock,2024/01/07 18:44:45,12,5
f5d4835d-958f-43be-972a-f82755c0a715,Personalised Bashful Luxe Bunny Willow Medium,MEDIUM,41.0,In Stock,2024/01/07 18:44:47,12,5
696c0731-e023-4e87-9171-f6cbd90f3c9a,Personalised Lavender Dragon Huge,HUGE,126.0,In Stock,2024/01/07 18:44:49,7,26
44e3c193-5b2d-48e7-b6d3-6e1118a67259,Pippa Black Labrador,ONE SIZE,33.0,In Stock,2024/01/07 18:44:51,9,4
299b1929-c3dd-4f80-8a8a-bbe766238dad,Quaxy Elephant,ONE SIZE,35.0,In Stock,2024/01/07 18:44:52,10,6
a7b86f18-727d-4a40-ab44-2ecb5194832e,Quaxy Pig,ONE SIZE,35.0,In Stock,2024/01/07 18:44:54,10,6
5427ba76-80f4-4a9c-bc8a-c7fb46140197,Ramonda Ostrich,ONE SIZE,40.0,In Stock,2024/01/07 18:44:55,22,6
221556f2-59e8-464d-98a9-faab68b6f105,Rock-a-Bye Kitten,ONE SIZE,30.0,In Stock,2024/01/07 18:44:57,7,4
73a5f8af-c986-4a47-821f-16a28816c8ea,Sweetsicle Bunny,ONE SIZE,20.0,In Stock,2024/01/07 18:44:58,6,3
bd82a7c4-451b-48af-8dfa-de61f8665cc6,Syd Salamander,ONE SIZE,27.5,In Stock,2024/01/07 18:45:00,10,4
68e02160-83b9-4a3c-b327-2faa0d910951,Bashful Hot Pink Bunny,MEDIUM,28.0,In Stock,2024/01/07 18:45:02,12,5
68e02160-83b9-4a3c-b327-2faa0d910951,Bashful Hot Pink Bunny,SMALL,18.0,In Stock,2024/01/07 18:45:02,7,4
b6bdfe3a-c749-4eb1-83fd-9e681338833d,Bashful Sunshine Bunny,MEDIUM,28.0,In Stock,2024/01/07 18:45:05,12,5
b6bdfe3a-c749-4eb1-83fd-9e681338833d,Bashful Sunshine Bunny,SMALL,18.0,In Stock,2024/01/07 18:45:05,7,4
c82ffb87-146a-4e3b-b2fd-b87b8f75d183,Goodnight Bunny Book,ONE SIZE,15.0,In Stock,2024/01/07 18:45:07,7,7
5a07d2ed-31f0-4102-bef6-4cadaa15f5b3,Bluebell Butterfly,ONE SIZE,33.0,In Stock,2024/01/07 18:45:08,8,13
4e8ce71f-d563-4046-ad31-f0fbb647cac4,Bonnie Bunny with Egg,ONE SIZE,23.5,In Stock,2024/01/07 18:45:10,6,3
1379e2d8-17b6-4136-909b-83389a8b988b,Burly Boo Sheep,ONE SIZE,25.0,In Stock,2024/01/07 18:45:11,7,5
1a81f46a-f49a-4d0a-a458-6aec13d804df,Cluny Cockerel,ONE SIZE,35.0,In Stock,2024/01/07 18:45:13,9,5
3f22e4b4-b1ae-48ae-8423-54677e6b0b62,Escarfgot Purple,ONE SIZE,20.0,In Stock,2024/01/07 18:45:15,6,3
81e28faa-27ab-4843-8def-77f26f08a1b0,Escarfgot Pink,ONE SIZE,20.0,In Stock,2024/01/07 18:45:17,5,2
7c2873a0-caea-441d-9a32-86112de6ef37,Bashful Hot Pink Bunny with Personalised Cream Jumper,MEDIUM,38.0,In Stock,2024/01/07 18:45:19,12,5
670aec07-5096-4133-8a40-b4a748d7b68b,Bashful Sunshine Bunny with Personalised Cream Jumper,MEDIUM,38.0,In Stock,2024/01/07 18:45:21,12,5
713e9899-5ab9-47f4-9c8b-7e35753499a7,Bashful Hot Pink Bunny with Personalised Navy Jumper,MEDIUM,38.0,In Stock,2024/01/07 18:45:22,12,5
492efda5-7791-4a38-a22e-99b458f77a5a,Bashful Sunshine Bunny with Personalised Navy Jumper,MEDIUM,38.0,In Stock,2024/01/07 18:45:24,12,5
91389769-4833-4bca-83c2-64ae2853bc6c,Bashful Sunshine Bunny with Personalised Red Jumper,MEDIUM,38.0,In Stock,2024/01/07 18:45:26,12,5
b421ff6d-1203-4a8e-afca-37a8c5281ad7,Layla Ladybird,ONE SIZE,25.0,In Stock,2024/01/07 18:45:28,3,6
ba3b6322-5e46-4e59-b491-0eef23b4b204,Nesting Bunnies,ONE SIZE,35.0,In Stock,2024/01/07 18:45:29,4,6
0a699d0d-7b9f-4f79-ba54-d6a65149aa49,Personalised Bashful Hot Pink Bunny Medium,MEDIUM,34.0,In Stock,2024/01/07 18:45:31,12,5
7e5cb218-80e0-4fcd-83a1-c07c89b20766,Personalised Bashful Sunshine Bunny Medium,MEDIUM,34.0,In Stock,2024/01/07 18:45:34,12,5
d3897994-f6f1-4fd9-aeea-92a3a03f0d30,Blossom Heart Blush Bunny,ONE SIZE,17.5,In Stock,2024/01/07 18:45:35,6,3
1a572955-1aee-4fa6-9cc8-a9baa21f9399,Blossom Heart Tulip Bunny,ONE SIZE,17.5,In Stock,2024/01/07 18:45:37,6,3
df5ce725-0ef4-4684-94ee-947372078914,Crowning Croaker Green Frog,ONE SIZE,17.5,In Stock,2024/01/07 18:45:38,5,3
8afe3fa8-7aa8-42a2-99ae-897b859064b4,Love-Me Lobster,ONE SIZE,24.0,In Stock,2024/01/07 18:45:40,6,3
5f5583d0-d908-4840-9718-c33ff33762f4,Ambrosie Fox,ONE SIZE,35.0,In Stock,2024/01/07 18:45:42,9,5
3e1312f4-8d09-4572-9f11-a24c8b90218e,Ambrosie Hare,ONE SIZE,35.0,In Stock,2024/01/07 18:45:43,9,4
1e4463fe-4f29-407b-95a1-31c73b7bbfdd,Anoraknid Black Spider,ONE SIZE,20.0,In Stock,2024/01/07 18:45:45,5,4
8c5091c1-5be0-4c04-90f9-eee898b24ced,Andie Axolotl,MEDIUM,32.5,In Stock,2024/01/07 18:45:47,11,5
8c5091c1-5be0-4c04-90f9-eee898b24ced,Andie Axolotl,SMALL,22.0,Out of stock,2024/01/07 18:45:47,7,2
b6213c05-01b2-4d83-bcf5-64146bcd8e33,Bashful Golden Bunny,MEDIUM,28.0,In Stock,2024/01/07 18:46:21,12,5
b6213c05-01b2-4d83-bcf5-64146bcd8e33,Bashful Golden Bunny,SMALL,18.0,In Stock,2024/01/07 18:46:21,7,4
23bd72ca-cbde-4c9a-89b5-e399d86caf1a,Bashful Mineral Blue Bunny,MEDIUM,28.0,In Stock,2024/01/07 18:46:24,12,5
23bd72ca-cbde-4c9a-89b5-e399d86caf1a,Bashful Mineral Blue Bunny,SMALL,18.0,Out of stock,2024/01/07 18:46:24,7,4
31570fa5-5da9-4f25-beb2-aed03faf40cb,Bashful Wolf,MEDIUM,28.0,In Stock,2024/01/07 18:46:25,12,5
70339b5a-78e8-4a5d-b105-4c78f3c78478,Wrapabat Black,ONE SIZE,20.0,In Stock,2024/01/07 18:46:27,6,2
589ac826-f1b7-40a9-94c9-9563de6ca28a,Beatnik Buddy Poodle,ONE SIZE,28.0,In Stock,2024/01/07 18:46:29,11,3
ddb79d67-fbcf-47c3-8c51-12696fc1ce8c,Beatnik Buddy Sausage Dog,ONE SIZE,28.0,In Stock,2024/01/07 18:46:32,11,3
3324f61a-8891-443a-ae7f-f370976cbe4d,Daddy Loves Me Book,ONE SIZE,20.0,In Stock,2024/01/07 18:46:33,6,6
a6ca07ad-07e6-4d8b-840b-723a2ace41a4,Mummy Loves Me Book,ONE SIZE,20.0,In Stock,2024/01/07 18:46:35,6,6
f9a4f14c-767c-46e3-bcee-d99cc00060ba,Backpack Wolf,ONE SIZE,30.0,In Stock,2024/01/07 18:46:36,9,4
ebec50fb-0803-415e-a127-7b3eb0b66126,Big Spottie Unicorn,ONE SIZE,75.0,In Stock,2024/01/07 18:46:38,17,6
3dcba1a6-bd41-42f1-ac03-f3a98fcb1f83,Cozy Crew Seahorse,ONE SIZE,25.0,In Stock,2024/01/07 18:46:39,7,2
bb70d3ce-37c4-47aa-a9c9-d7b445362933,Davey Dilophosaurus,ONE SIZE,32.5,In Stock,2024/01/07 18:46:41,11,5
2c2c4699-e00f-4a77-a679-0e416e350e74,Delano Dorado Fish,ONE SIZE,27.5,In Stock,2024/01/07 18:46:43,5,10
5ddd6435-ef89-4b1e-be23-3184c1ea96c6,Evelyn Swan,ONE SIZE,40.0,In Stock,2024/01/07 18:46:44,19,6
dfe44625-5c5f-4405-9f57-30739a495c4a,Fishiful Blue,ONE SIZE,17.5,In Stock,2024/01/07 18:46:46,5,6
82e18db5-46d1-4f7b-9c5a-b472af916a53,Fishiful Orange,ONE SIZE,17.5,In Stock,2024/01/07 18:46:47,5,6
0a5a89dd-036e-4033-8398-89dd6b8b8b28,Fishiful Pink,ONE SIZE,17.5,In Stock,2024/01/07 18:46:49,5,6
86d573eb-9a60-4ff8-b91f-190855fedf81,Forest Fauna Bear,ONE SIZE,32.5,In Stock,2024/01/07 18:46:51,7,6
2f0da5ac-a6df-4d70-8929-b57f364ae64c,Forest Fauna Frog,ONE SIZE,32.5,In Stock,2024/01/07 18:46:52,8,4
7bf56f25-3711-401b-a35b-cd23d6391277,Forest Fauna Owl,ONE SIZE,32.5,In Stock,2024/01/07 18:46:54,7,4
65834277-8918-4fef-8db8-226f5f7afa7b,Freddie Sausage Dog,LARGE,30.0,Out of stock,2024/01/07 18:46:56,7,7
65834277-8918-4fef-8db8-226f5f7afa7b,Freddie Sausage Dog,SMALL,22.0,In Stock,2024/01/07 18:46:56,5,7
31b10e08-650f-4c0b-9acb-d607fc9d2c6a,Glamorama Cat,ONE SIZE,40.0,In Stock,2024/01/07 18:46:57,16,4
a82fc6b5-d577-49b6-a2fc-5d75003644d9,Glamorama Pig,ONE SIZE,40.0,In Stock,2024/01/07 18:46:59,11,6
6473c746-4d0b-4845-8fee-3f33aa6b64c8,Grizzo Gremlin,ONE SIZE,35.0,In Stock,2024/01/07 18:47:01,11,4
582dc082-be32-4679-989e-df2b78c8a773,Hamish Hedgehog,ONE SIZE,75.0,In Stock,2024/01/07 18:47:02,8,16
2fc43e4c-2af2-41ec-98cc-3b588f61c7fb,Humphrey the Humpback Whale,ONE SIZE,85.0,In Stock,2024/01/07 18:47:04,8,20
7b6a9f1f-151f-49cf-a1e1-511eb9d432ad,Bashful Golden Bunny with Personalised Cream Jumper,MEDIUM,38.0,In Stock,2024/01/07 18:47:06,12,5
514c6450-8aeb-4f35-b4bf-c18c0e9c31f0,Bashful Mineral Blue Bunny with Personalised Cream Jumper,MEDIUM,38.0,In Stock,2024/01/07 18:47:07,12,5
72fb42ce-91aa-4fa1-9ae1-da39a0d84e3f,Bashful Golden Bunny with Personalised Navy Jumper,MEDIUM,38.0,In Stock,2024/01/07 18:47:09,12,5
4155c8a7-3ff4-4e44-b0a3-9a9b1473bf98,Bashful Mineral Blue Bunny with Personalised Navy Jumper,MEDIUM,38.0,In Stock,2024/01/07 18:47:11,12,5
6ffad006-7e97-45da-9009-0bfd6be619f0,Bashful Golden Bunny with Personalised Red Jumper,MEDIUM,38.0,In Stock,2024/01/07 18:47:13,12,5
281e3cba-5067-4c4a-a0af-dd65a13794c3,Bashful Mineral Blue Bunny with Personalised Red Jumper,MEDIUM,38.0,In Stock,2024/01/07 18:47:15,12,5
691e0b5f-c97f-4e98-9fe1-6d732087d293,Bashful Wolf with Personalised Red Jumper,MEDIUM,38.0,In Stock,2024/01/07 18:47:17,12,5
2bb3ffaa-09f0-4fef-8840-f5dbfcc7902b,Little Tiger,ONE SIZE,22.0,In Stock,2024/01/07 18:47:18,7,4
3cadb08d-ad34-47de-ab36-34ac6196634c,Letty Jellyfish,ONE SIZE,39.5,In Stock,2024/01/07 18:47:20,23,6
cd176cde-aa6c-4a92-9f3f-f5aed3889d72,Napping Nipper Dog,ONE SIZE,25.0,In Stock,2024/01/07 18:47:22,4,6
e93aee7e-d999-4239-b779-e5a9bda763c1,Nippit Beaver,ONE SIZE,15.0,In Stock,2024/01/07 18:47:24,5,3
3a444be5-8c32-42b2-8f62-da996118ef80,Nippit Owl,ONE SIZE,15.0,In Stock,2024/01/07 18:47:25,5,3
1948c98e-75d0-498a-b011-6cf61f7b5b74,Oakley Owl,ONE SIZE,32.5,In Stock,2024/01/07 18:47:27,9,5
16740cd1-b654-4ab3-abae-b1fe8e22bd75,Oberon Owl,ONE SIZE,30.0,In Stock,2024/01/07 18:47:28,10,5
428d265a-35c9-4904-bbaf-09c4ea696567,Pongo Orangutan,HUGE,65.0,In Stock,2024/01/07 18:47:30,23,7
319c4559-a951-4a3c-a062-0070950bf7ee,Personalised Bashful Golden Bunny Medium,MEDIUM,34.0,In Stock,2024/01/07 18:47:32,12,5
8985ad68-09f6-4953-8ab8-ff4ee170b368,Personalised Bashful Mineral Blue Bunny Medium,MEDIUM,34.0,In Stock,2024/01/07 18:47:33,12,5
a87b5609-2c5f-4922-91a8-a866c999ab30,Pip Monster,SMALL,22.5,In Stock,2024/01/07 18:47:35,9,4
10cc96c8-e36d-4405-9e30-6c15767a02d2,Rock-a-Bye Mouse,ONE SIZE,30.0,In Stock,2024/01/07 18:47:37,7,4
e09a7a97-dedc-4430-afaf-1860c4d66770,Sweater Sausage Dog Pink,ONE SIZE,32.5,In Stock,2024/01/07 18:47:38,6,3
01f516f7-2964-4d7d-8974-fe80b7747111,Sweater Sausage Dog Yellow,ONE SIZE,32.5,In Stock,2024/01/07 18:47:40,6,3
d9458323-d764-4075-ad7b-87310d75b817,Seraphina Pegasus,ONE SIZE,68.5,In Stock,2024/01/07 18:47:42,9,20
e03325b9-5266-47fa-b207-41cce0dce510,Sigmund Seal,ONE SIZE,50.0,In Stock,2024/01/07 18:47:44,7,13
9ee25af0-91ba-45c0-897c-414e3e61522a,Snoozling Hedgehog,ONE SIZE,36.0,In Stock,2024/01/07 18:47:45,11,6
cbcb1d23-00bd-4a6b-8d95-deacc347c942,Spindleshanks Crab,ONE SIZE,33.0,In Stock,2024/01/07 18:47:47,3,15
f6e44d5b-997a-4973-8c33-0d8b0726b0b1,Splootie Elephant,ONE SIZE,68.0,In Stock,2024/01/07 18:47:49,7,22
798180e5-9621-4f77-9bf5-74af731046f1,Birdling Robin,ONE SIZE,17.0,In Stock,2024/01/07 18:47:50,4,3
c8e2013e-f102-49f8-ac63-4c55adf55462,Shimmer Stocking Bunny,ONE SIZE,28.5,In Stock,2024/01/07 18:47:52,8,4
4c703a86-d1a4-480b-84ee-6d4878fd47be,Ambalie Bear,ONE SIZE,30.0,In Stock,2024/01/07 18:47:54,9,6
717d2cc4-4ba3-4fef-898a-2e444b7ef0cf,Ambalie Bunny,ONE SIZE,30.0,In Stock,2024/01/07 18:47:55,9,6
4987a1f2-7082-47b1-84a6-36743437a027,Bashful Zebra,MEDIUM,28.0,In Stock,2024/01/07 18:47:57,12,5
09d472ad-7e42-4003-8749-297249ba51b9,If I Were An Owl Book,ONE SIZE,13.5,In Stock,2024/01/07 18:47:59,6,6
8ba269f9-3464-4c3d-80fd-0803ed8baf0a,Betty Corgi,HUGE,75.0,More on the way,2024/01/07 18:48:01,13,13
8ba269f9-3464-4c3d-80fd-0803ed8baf0a,Betty Corgi,MEDIUM,30.0,In Stock,2024/01/07 18:48:01,7,10
f52b04ab-8c0c-49f2-b47a-064b6575185b,Big Spottie Giraffe,ONE SIZE,75.0,In Stock,2024/01/07 18:48:02,19,6
17a80f7b-19e5-4761-8be8-fa9e48567ac3,Big Spottie T-Rex,ONE SIZE,75.0,In Stock,2024/01/07 18:48:04,18,6
843f6632-05c3-4450-8277-8388c14749b1,Cruz Crested Newt,ONE SIZE,32.5,In Stock,2024/01/07 18:48:05,12,4
67b35855-d6ff-4768-b40d-69e537e5319b,Cooper Doodle Dog,ONE SIZE,33.0,In Stock,2024/01/07 18:48:07,9,8
e9c5c755-1527-4474-b825-57e563be64be,Happihoop Owl,ONE SIZE,32.0,In Stock,2024/01/07 18:48:09,8,4
4663b7f0-f36b-4a55-831c-f96543047935,Harper Pup,ONE SIZE,55.0,In Stock,2024/01/07 18:48:10,15,9
4b72f13e-ed83-4617-99d6-f82a1113c63c,Hibernating Bunny,ONE SIZE,22.0,In Stock,2024/01/07 18:48:12,5,5
067309e8-4a39-4d0b-94ab-f45f16b3fabb,Higgledy Piggledy Old Spot,REALLY BIG,175.0,In Stock,2024/01/07 18:48:14,17,22
067309e8-4a39-4d0b-94ab-f45f16b3fabb,Higgledy Piggledy Old Spot,HUGE,130.0,In Stock,2024/01/07 18:48:14,13,16
067309e8-4a39-4d0b-94ab-f45f16b3fabb,Higgledy Piggledy Old Spot,SMALL,22.0,Returning to stock next week,2024/01/07 18:48:14,4,6
4e872a3d-8759-4736-8cfd-eca73c03eddd,Huddles Bunny,ONE SIZE,45.0,In Stock,2024/01/07 18:48:15,9,6
31454cf3-0cb9-48c8-91eb-07ddf1c6995d,Huddles Duck,ONE SIZE,45.0,In Stock,2024/01/07 18:48:17,9,6
25642e24-e580-49c0-bfdf-01076a6194ef,Jubjub Gookie,ONE SIZE,30.0,In Stock,2024/01/07 18:48:19,9,4
f4daacfe-f9c0-4b87-80c8-2c803750a05a,Mack Mudskipper,ONE SIZE,28.5,In Stock,2024/01/07 18:48:20,10,4
7da5f304-4367-4499-9130-d029fb109f40,Obbie Octopus,ONE SIZE,40.0,In Stock,2024/01/07 18:48:22,11,10
f7d18cfd-01ce-490b-ad23-f92f7938894b,Orson Horse,ONE SIZE,35.0,In Stock,2024/01/07 18:48:23,14,5
e63a0c31-585e-4f4c-b5f6-d3a453c7cc28,Peek-a-Boo Elly Activity Toy,ONE SIZE,32.0,In Stock,2024/01/07 18:48:25,6,5
6efd342b-7826-4e63-a834-a05de8152cee,Penny Praying Mantis,ONE SIZE,32.5,In Stock,2024/01/07 18:48:26,9,8
92c27fc2-db92-4868-ac4d-37498d4fb26a,Ribble Dog,ONE SIZE,30.0,In Stock,2024/01/07 18:48:28,14,4
a09c8860-67bc-4559-bedd-3bcb3f0b51ef,Ribble Elephant,ONE SIZE,30.0,In Stock,2024/01/07 18:48:29,15,4
e2f6e65e-5a59-45fb-b630-2bfa8f018494,Ribble Giraffe,ONE SIZE,30.0,In Stock,2024/01/07 18:48:31,16,4
e0e1ca9f-4aba-4d83-b0b2-4285da4b77e1,Rose Dragon,HUGE,120.0,In Stock,2024/01/07 18:48:34,7,26
e0e1ca9f-4aba-4d83-b0b2-4285da4b77e1,Rose Dragon,MEDIUM,65.0,In Stock,2024/01/07 18:48:34,5,20
e0e1ca9f-4aba-4d83-b0b2-4285da4b77e1,Rose Dragon,LITTLE,32.5,In Stock,2024/01/07 18:48:34,3,12
2b0e2d2b-720b-4bae-acba-54d563ba82ed,Ricky Rain Frog,LARGE,60.0,In Stock,2024/01/07 18:48:36,10,12
2b0e2d2b-720b-4bae-acba-54d563ba82ed,Ricky Rain Frog,MEDIUM,28.0,More on the way,2024/01/07 18:48:36,5,7
afbc669d-52ce-4b30-813e-ebb903268fa8,Rufus Bear,LARGE,45.0,In Stock,2024/01/07 18:48:38,15,5
afbc669d-52ce-4b30-813e-ebb903268fa8,Rufus Bear,MEDIUM,27.5,In Stock,2024/01/07 18:48:38,11,4
ea41b524-9ac8-4677-8683-e696bfa570d5,Snuggler Puppy,ONE SIZE,25.0,In Stock,2024/01/07 18:48:39,9,5
804070c3-e012-40c8-8c82-686fa78ab3a1,Taylor Tiger,LARGE,80.0,More on the way,2024/01/07 18:48:41,6,18
804070c3-e012-40c8-8c82-686fa78ab3a1,Taylor Tiger,LITTLE,35.0,In Stock,2024/01/07 18:48:41,3,11
186949fe-de27-4510-855c-9ce642a30a0c,Willow Hedgehog,ONE SIZE,23.5,In Stock,2024/01/07 18:48:42,7,4
94bf45da-81c6-4572-9526-12c471387660,Wriggidig Ant,ONE SIZE,23.5,In Stock,2024/01/07 18:48:44,5,6
e1fffc6a-0b39-4fdb-9cd8-15daa79fafc4,Wriggidig Bug,ONE SIZE,23.5,In Stock,2024/01/07 18:48:45,7,2
dc40be1c-583b-4f9e-88c1-19a712b0d9ff,Bashful Lilac Bunny,MEDIUM,28.0,In Stock,2024/01/07 18:48:48,12,5
dc40be1c-583b-4f9e-88c1-19a712b0d9ff,Bashful Lilac Bunny,SMALL,18.0,Out of stock,2024/01/07 18:48:48,7,4
8286299c-8b9d-4417-99b3-b2a42bacb4fa,Bashful Petal Bunny,MEDIUM,28.0,In Stock,2024/01/07 18:48:50,12,5
8286299c-8b9d-4417-99b3-b2a42bacb4fa,Bashful Petal Bunny,SMALL,18.0,More on the way,2024/01/07 18:48:50,7,4
e9ce5050-337a-4db7-ad65-9c90a5939d45,Bashful Fudge Bunny,MEDIUM,28.0,More on the way,2024/01/07 18:48:52,12,5
e9ce5050-337a-4db7-ad65-9c90a5939d45,Bashful Fudge Bunny,SMALL,18.0,In Stock,2024/01/07 18:48:52,7,4
9ebe7bde-66b0-4eb2-a2cf-235224fd5510,Who Can I Find Book,ONE SIZE,15.0,In Stock,2024/01/07 18:48:54,7,7
4bc27f71-b66d-43ce-83a6-35f04d4bbe7c,Blossom Sage Bunny,MEDIUM,28.0,In Stock,2024/01/07 18:48:56,12,5
4bc27f71-b66d-43ce-83a6-35f04d4bbe7c,Blossom Sage Bunny,SMALL,18.0,More on the way,2024/01/07 18:48:56,7,4
0efad1bb-fc85-46cb-9caa-0cdae6f59f07,Blossom Jasmine Bunny,MEDIUM,28.0,In Stock,2024/01/07 18:48:57,12,5
0efad1bb-fc85-46cb-9caa-0cdae6f59f07,Blossom Jasmine Bunny,SMALL,18.0,Returning to stock 2-3 months,2024/01/07 18:48:57,7,4
bb60435b-fdcf-4738-bb5d-005cc79221c9,Bashful Lilac Bunny with Personalised Cream Jumper,MEDIUM,38.0,In Stock,2024/01/07 18:49:00,12,5
0fb6c590-98d3-4bc5-a5a4-5a2aa25473c7,Bashful Petal Bunny with Personalised Cream Jumper,MEDIUM,38.0,In Stock,2024/01/07 18:49:01,12,5
b6fa6512-ce51-4a68-b6c4-3ea39121dcaa,Blossom Sage Bunny with Personalised Cream Jumper,MEDIUM,38.0,In Stock,2024/01/07 18:49:03,12,5
8c0383df-7255-4a39-a15e-4eacec5f8594,Blossom Jasmine Bunny with Personalised Cream Jumper,MEDIUM,38.0,In Stock,2024/01/07 18:49:05,12,5
87a34349-7332-4d6c-83b2-0713737a6a76,Bashful Lilac Bunny with Personalised Navy Jumper,MEDIUM,38.0,In Stock,2024/01/07 18:49:07,12,5
7d27ac10-f71c-4413-bac0-87f9d2252cb9,Bashful Petal Bunny with Personalised Navy Jumper,MEDIUM,38.0,In Stock,2024/01/07 18:49:09,12,5
b93fb5e6-bd9a-4b77-81da-34d1b98dd067,Blossom Sage Bunny with Personalised Navy Jumper,MEDIUM,38.0,In Stock,2024/01/07 18:49:11,12,5
a5cfbaa5-9894-4a11-9182-74a741abe073,Blossom Jasmine Bunny with Personalised Navy Jumper,MEDIUM,38.0,In Stock,2024/01/07 18:49:12,12,5
e4b94ece-238a-4f8e-82de-c2c39884cebb,Bashful Lilac Bunny with Personalised Red Jumper,MEDIUM,38.0,In Stock,2024/01/07 18:49:14,12,5
74325383-5dbb-4acd-85f3-b7395b32597e,Bashful Petal Bunny with Personalised Red Jumper,MEDIUM,38.0,In Stock,2024/01/07 18:49:16,12,5
6d01c328-e016-40a4-929a-b1b25bf7073e,Blossom Sage Bunny with Personalised Red Jumper,MEDIUM,38.0,In Stock,2024/01/07 18:49:18,12,5
63dc2ae0-9186-451a-92a1-4a59002e6e37,Blossom Jasmine Bunny with Personalised Red Jumper,MEDIUM,38.0,In Stock,2024/01/07 18:49:20,12,5
7790a89b-78f6-4784-b6c0-a84e91d0c85e,Personalised Bashful Lilac Bunny Medium,MEDIUM,34.0,In Stock,2024/01/07 18:49:22,12,5
a048c8e8-0bb5-48aa-9fea-66336581d6aa,Personalised Bashful Petal Bunny Medium,MEDIUM,34.0,In Stock,2024/01/07 18:49:24,12,5
b9a12310-7e75-42b8-aadd-d909c87e2625,Alice Axolotl,MEDIUM,32.5,In Stock,2024/01/07 18:49:25,11,5
b9a12310-7e75-42b8-aadd-d909c87e2625,Alice Axolotl,SMALL,22.0,In Stock,2024/01/07 18:49:25,7,2
9c640748-32d5-41e3-8ebc-8e6c3bbafc79,Bashful Shimmer Bunny,MEDIUM,28.0,In Stock,2024/01/07 18:49:27,12,5
9c640748-32d5-41e3-8ebc-8e6c3bbafc79,Bashful Shimmer Bunny,SMALL,18.0,In Stock,2024/01/07 18:49:27,7,4
b5c1cab0-0b96-499a-9a21-49675cb2673e,If I Were A Pony Book,ONE SIZE,13.5,In Stock,2024/01/07 18:49:29,6,6
72fdf59c-06ff-44ea-85a9-f72595c92556,Blossom Bea Beige Bunny Comforter,ONE SIZE,17.0,In Stock,2024/01/07 18:49:30,10,9
66399f59-7ea7-4361-a155-a9e72e71b0b7,Cozy Crew Octopus,ONE SIZE,25.0,In Stock,2024/01/07 18:49:32,8,4
2760d4ed-39f1-46b4-abf4-b00fc4aae34f,Fossilly Stegosaurus,MEDIUM,38.0,In Stock,2024/01/07 18:49:34,6,5
2760d4ed-39f1-46b4-abf4-b00fc4aae34f,Fossilly Stegosaurus,SMALL,15.0,More on the way,2024/01/07 18:49:34,3,2
69e61c2b-c03e-46e1-8034-688945efbc1d,Fuddlewuddle Lion Soother,ONE SIZE,25.0,In Stock,2024/01/07 18:49:36,13,13
189b2875-a210-48b8-b249-be028641aa38,Bashful Shimmer Bunny with Personalised Cream Jumper,MEDIUM,38.0,In Stock,2024/01/07 18:49:38,12,5
84002ef8-1892-4e4e-8c24-b634fc32cf2b,Bashful Shimmer Bunny with Personalised Navy Jumper,MEDIUM,38.0,In Stock,2024/01/07 18:49:39,12,5
2ed7c0d5-0ba8-4bc8-9e8a-c2072497f904,Bashful Shimmer Bunny with Personalised Red Jumper,MEDIUM,38.0,In Stock,2024/01/07 18:49:41,12,5
053f7cc7-a9f5-40ec-9726-d0f0aedf3e20,Lingley Bunny Soother,ONE SIZE,20.0,In Stock,2024/01/07 18:49:43,11,7
0551b9d4-e90d-4ee8-a58a-09f5058ac54e,Lingley Elephant Soother,ONE SIZE,20.0,In Stock,2024/01/07 18:49:45,11,7
8d6c2e07-2c37-40e9-904d-26a1d176e915,Tartan Lottie Bunny,ONE SIZE,27.5,In Stock,2024/01/07 18:49:46,11,4
6cfc6638-d882-4363-8c48-83c6a720a7bc,Onyx Dragon,HUGE,120.0,Out of stock,2024/01/07 18:49:48,7,26
6cfc6638-d882-4363-8c48-83c6a720a7bc,Onyx Dragon,MEDIUM,65.0,In Stock,2024/01/07 18:49:48,5,20
6cfc6638-d882-4363-8c48-83c6a720a7bc,Onyx Dragon,LITTLE,32.5,More on the way,2024/01/07 18:49:48,3,12
68c94445-0fdc-49c4-abed-6713c8c3c8d0,Personalised Bashful Shimmer Bunny Medium,MEDIUM,34.0,In Stock,2024/01/07 18:49:50,12,5
75045c04-37b2-487a-a5a6-f68d47b05262,Personalised Fuddlewuddle Lion Soother,ONE SIZE,31.0,In Stock,2024/01/07 18:49:52,13,13
b6b64e45-9a5c-451c-80ef-a5fd137d387a,Personalised Onyx Dragon Huge,HUGE,126.0,In Stock,2024/01/07 18:49:54,7,26
d75be47d-007b-4660-a03f-dd49916e52ab,Personalised Snow Dragon Huge,HUGE,126.0,In Stock,2024/01/07 18:49:56,7,26
27e7d5a8-893d-4fac-81f4-27d7568394e6,Rumpletum Lion,ONE SIZE,40.0,In Stock,2024/01/07 18:49:58,11,8
a5f505ac-a669-4de1-800a-1ef2e1fb3676,Snuggler Cat,ONE SIZE,25.0,In Stock,2024/01/07 18:49:59,9,5
760558f6-2543-4047-9a76-ad50ae8113d0,Cordy Roy Baby Bunny Soother,ONE SIZE,23.0,In Stock,2024/01/07 18:50:01,11,9
6c24521a-f252-461d-9df3-2420e17d554f,Cordy Roy Baby Lion Soother,ONE SIZE,23.0,In Stock,2024/01/07 18:50:02,11,9
dd1b5cf3-9ab6-4ead-8357-58e6ef9e840c,Bashful Tiger,HUGE,80.0,In Stock,2024/01/07 18:50:05,20,8
dd1b5cf3-9ab6-4ead-8357-58e6ef9e840c,Bashful Tiger,MEDIUM,28.0,More on the way,2024/01/07 18:50:05,12,5
dd1b5cf3-9ab6-4ead-8357-58e6ef9e840c,Bashful Tiger,SMALL,18.0,In Stock,2024/01/07 18:50:05,7,4
fa3a75fa-405b-4c9d-a071-cd6f0235c674,Bashful Cerise Bunny,MEDIUM,28.0,Out of stock,2024/01/07 18:50:07,12,5
fa3a75fa-405b-4c9d-a071-cd6f0235c674,Bashful Cerise Bunny,SMALL,18.0,In Stock,2024/01/07 18:50:07,7,4
4b7007aa-1873-4bd7-b0b7-15db8dd9fe59,Beatrice Butterfly,LARGE,33.0,In Stock,2024/01/07 18:50:09,8,13
66319b3f-9d4c-4f2a-8e2f-a86c3203276b,Little Me Book,ONE SIZE,15.0,In Stock,2024/01/07 18:50:11,8,8
b4428bad-d8ed-454f-827c-bcce2dd683bc,Blossom Dusky Blue Bunny,MEDIUM,28.0,In Stock,2024/01/07 18:50:13,12,5
b4428bad-d8ed-454f-827c-bcce2dd683bc,Blossom Dusky Blue Bunny,SMALL,18.0,Out of stock,2024/01/07 18:50:13,7,4
68f38871-128b-402f-a319-37b0989f793f,Fossilly T-Rex,MEDIUM,38.0,In Stock,2024/01/07 18:50:19,11,6
68f38871-128b-402f-a319-37b0989f793f,Fossilly T-Rex,SMALL,15.0,More on the way,2024/01/07 18:50:19,5,3
0af79b14-4428-4d3b-b65d-87bd0a7259af,Bashful Dusky Blue Bunny with Personalised Cream Jumper,MEDIUM,38.0,In Stock,2024/01/07 18:50:21,12,5
7311de03-f6df-4e41-a3a6-8334d491760d,Bashful Tiger with Personalised Cream Jumper,MEDIUM,38.0,In Stock,2024/01/07 18:50:23,12,5
97384e08-9a1b-48cf-8db4-cdce2f117de8,Blossom Dusky Blue with Personalised Cream Jumper,MEDIUM,38.0,In Stock,2024/01/07 18:50:24,12,5
b33315e2-537a-49e4-b531-63e56f952f96,Blossom Bea Beige Bunny with Personalised Cream Jumper,MEDIUM,38.0,In Stock,2024/01/07 18:50:26,12,5
9464c367-b34f-4e11-9585-63b0d35c142a,Bashful Dusky Blue Bunny with Personalised Navy Jumper,MEDIUM,38.0,In Stock,2024/01/07 18:50:28,12,5
feae5d8b-3a94-4754-af52-231fcde9ebdd,Bashful Tiger with Personalised Navy Jumper,MEDIUM,38.0,In Stock,2024/01/07 18:50:30,12,5
2d7bc7ed-6dac-4991-b33e-cef2c265c496,Blossom Dusky Blue with Personalised Navy Jumper,MEDIUM,38.0,In Stock,2024/01/07 18:50:32,12,5
054a7e82-78ab-4989-9bff-ce678460fe92,Blossom Bea Beige Bunny with Personalised Navy Jumper,MEDIUM,38.0,In Stock,2024/01/07 18:50:34,12,5
5bed54f9-f3a2-45f0-8597-6a40f29a982a,Bashful Dusky Blue Bunny with Personalised Red Jumper,MEDIUM,38.0,In Stock,2024/01/07 18:50:36,12,5
906d79b8-17c9-452b-8378-128f3247286c,Bashful Tiger with Personalised Red Jumper,MEDIUM,38.0,In Stock,2024/01/07 18:50:38,12,5
ae31114a-bc4e-4e2d-9db1-f7cf18d0151e,Blossom Dusky Blue Bunny with Personalised Red Jumper,MEDIUM,38.0,In Stock,2024/01/07 18:50:40,12,5
af7ad5a4-4436-4ce3-8b3c-7c3966d95000,Blossom Bea Beige Bunny with Personalised Red Jumper,MEDIUM,38.0,In Stock,2024/01/07 18:50:42,12,5
54264cd3-8a50-471b-8d1a-21a6884fa03f,Odyssey Octopus,REALLY BIG,130.0,More on the way,2024/01/07 18:50:44,30,12
54264cd3-8a50-471b-8d1a-21a6884fa03f,Odyssey Octopus,HUGE,68.5,Out of stock,2024/01/07 18:50:44,21,9
54264cd3-8a50-471b-8d1a-21a6884fa03f,Odyssey Octopus,LARGE,53.0,More on the way,2024/01/07 18:50:44,19,7
54264cd3-8a50-471b-8d1a-21a6884fa03f,Odyssey Octopus,LITTLE,30.0,In Stock,2024/01/07 18:50:44,9,4
54264cd3-8a50-471b-8d1a-21a6884fa03f,Odyssey Octopus,TINY,18.0,In Stock,2024/01/07 18:50:44,6,3
1edb6aba-d244-4921-be4e-a8378973e342,Sage Dragon,HUGE,120.0,More on the way,2024/01/07 18:50:46,7,26
1edb6aba-d244-4921-be4e-a8378973e342,Sage Dragon,MEDIUM,65.0,Returning to stock 2-3 months,2024/01/07 18:50:46,5,20
1edb6aba-d244-4921-be4e-a8378973e342,Sage Dragon,LITTLE,32.5,In Stock,2024/01/07 18:50:46,3,12
71a8bc7d-c009-449a-80bc-b7ad884fa8d2,Sienna Seahorse,MEDIUM,30.0,More on the way,2024/01/07 18:50:48,11,4
71a8bc7d-c009-449a-80bc-b7ad884fa8d2,Sienna Seahorse,SMALL,20.0,In Stock,2024/01/07 18:50:48,7,2
d474ce79-2097-42c2-b618-a9ffbde668b6,Bashful Plum Bunny,HUGE,80.0,Out of stock,2024/01/07 18:50:51,20,8
d474ce79-2097-42c2-b618-a9ffbde668b6,Bashful Plum Bunny,MEDIUM,25.0,Out of stock,2024/01/07 18:50:51,12,5
d474ce79-2097-42c2-b618-a9ffbde668b6,Bashful Plum Bunny,SMALL,18.0,In Stock,2024/01/07 18:50:51,7,4
327260aa-7358-41c0-89f7-3ed20d3d69c0,Fossilly Brontosaurus,MEDIUM,38.0,In Stock,2024/01/07 18:50:53,10,5
327260aa-7358-41c0-89f7-3ed20d3d69c0,Fossilly Brontosaurus,SMALL,15.0,More on the way,2024/01/07 18:50:53,3,2
3ce4bf2f-09f2-4393-a04c-304a76fc0cae,Fossilly Triceratops,MEDIUM,38.0,In Stock,2024/01/07 18:50:55,7,4
3ce4bf2f-09f2-4393-a04c-304a76fc0cae,Fossilly Triceratops,SMALL,15.0,Out of stock,2024/01/07 18:50:55,4,2
1b8151e3-43b3-4666-9c2a-5a315a273618,Snow Dragon,HUGE,120.0,In Stock,2024/01/07 18:50:57,7,26
1b8151e3-43b3-4666-9c2a-5a315a273618,Snow Dragon,MEDIUM,65.0,In Stock,2024/01/07 18:50:57,5,20
1b8151e3-43b3-4666-9c2a-5a315a273618,Snow Dragon,LITTLE,32.5,In Stock,2024/01/07 18:50:57,3,12
ca918431-83a1-476a-907d-ff3c435f3bc4,Blossom Blush Bunny,LARGE,43.0,Out of stock,2024/01/07 18:50:59,14,6
ca918431-83a1-476a-907d-ff3c435f3bc4,Blossom Blush Bunny,MEDIUM,28.0,In Stock,2024/01/07 18:50:59,12,5
ca918431-83a1-476a-907d-ff3c435f3bc4,Blossom Blush Bunny,SMALL,18.0,In Stock,2024/01/07 18:50:59,7,4
74ac4cef-d32b-45ba-9b89-055d738240c1,Blossom Blush Bunny with Personalised Cream Jumper,MEDIUM,38.0,In Stock,2024/01/07 18:51:02,12,5
7fc50f3e-03ad-47ac-8196-0b6ac1dc30bc,Blossom Blush Bunny with Personalised Navy Jumper,MEDIUM,38.0,In Stock,2024/01/07 18:51:04,12,5
d826e204-cecd-40b4-af79-30c00e553512,Blossom Blush Bunny with Personalised Red Jumper,MEDIUM,38.0,In Stock,2024/01/07 18:51:06,12,5
6e666723-2eb4-4f7e-bcfb-b1dbafed6729,Personalised Odell Octopus Soother,ONE SIZE,31.0,In Stock,2024/01/07 18:51:08,13,13
7c0c3f9a-c19b-4e6b-b254-277d700be9ed,Wiley Whale,HUGE,90.0,In Stock,2024/01/07 18:51:10,8,31
7c0c3f9a-c19b-4e6b-b254-277d700be9ed,Wiley Whale,LARGE,53.0,In Stock,2024/01/07 18:51:10,7,20
2c4d960c-0980-46b3-ad10-2d354d790d16,Bailey Sloth,MEDIUM,35.0,In Stock,2024/01/07 18:51:12,16,3
2c4d960c-0980-46b3-ad10-2d354d790d16,Bailey Sloth,SMALL,28.0,Out of stock,2024/01/07 18:51:12,13,2
9d45e149-a33a-40ea-afce-bc521a91d5ce,Storm Octopus,LARGE,53.0,In Stock,2024/01/07 18:51:14,19,7
9d45e149-a33a-40ea-afce-bc521a91d5ce,Storm Octopus,LITTLE,30.0,Returning to stock 3-4 weeks,2024/01/07 18:51:14,9,4
9d45e149-a33a-40ea-afce-bc521a91d5ce,Storm Octopus,TINY,18.0,More on the way,2024/01/07 18:51:14,6,3
353ca982-cf36-4020-a52a-e1dc0dd5761c,Bashful Dragon,VERY BIG,275.0,In Stock,2024/01/07 18:51:17,43,18
353ca982-cf36-4020-a52a-e1dc0dd5761c,Bashful Dragon,REALLY BIG,125.0,More on the way,2024/01/07 18:51:17,26,12
353ca982-cf36-4020-a52a-e1dc0dd5761c,Bashful Dragon,HUGE,69.5,Out of stock,2024/01/07 18:51:17,20,8
353ca982-cf36-4020-a52a-e1dc0dd5761c,Bashful Dragon,MEDIUM,28.0,More on the way,2024/01/07 18:51:17,12,5
353ca982-cf36-4020-a52a-e1dc0dd5761c,Bashful Dragon,SMALL,18.0,More on the way,2024/01/07 18:51:17,7,4
62f3121f-22f2-4fc6-8661-74fc037a4673,Bashful Dino,VERY BIG,275.0,In Stock,2024/01/07 18:51:19,43,18
62f3121f-22f2-4fc6-8661-74fc037a4673,Bashful Dino,REALLY BIG,125.0,In Stock,2024/01/07 18:51:19,26,12
62f3121f-22f2-4fc6-8661-74fc037a4673,Bashful Dino,HUGE,80.0,In Stock,2024/01/07 18:51:19,20,8
62f3121f-22f2-4fc6-8661-74fc037a4673,Bashful Dino,MEDIUM,28.0,In Stock,2024/01/07 18:51:19,12,5
62f3121f-22f2-4fc6-8661-74fc037a4673,Bashful Dino,SMALL,18.0,More on the way,2024/01/07 18:51:19,7,4
aef2fe03-10ea-4355-8183-ae5f4f00c2c3,Bashful Turtle,MEDIUM,28.0,Returning to stock 2-3 months,2024/01/07 18:51:21,12,5
aef2fe03-10ea-4355-8183-ae5f4f00c2c3,Bashful Turtle,SMALL,18.0,In Stock,2024/01/07 18:51:21,7,4
f74404cf-58db-40bc-8dd0-92505d2e1d8b,Elly Ballerina Book,ONE SIZE,15.0,In Stock,2024/01/07 18:51:22,12,
da444226-e3e8-449a-9ecb-d5e3303244fc,Livi Leopard,LARGE,80.0,In Stock,2024/01/07 18:51:24,5,18
da444226-e3e8-449a-9ecb-d5e3303244fc,Livi Leopard,LITTLE,35.0,Out of stock,2024/01/07 18:51:24,3,11
822b6003-965d-4bf6-bf86-bae3a85dd726,Smudge Puppy,MEDIUM,35.0,In Stock,2024/01/07 18:51:26,9,5
34f50cab-9ab4-497a-9700-a6fee171ac1c,Bashful Navy Bunny,MEDIUM,28.0,In Stock,2024/01/07 18:51:29,12,5
34f50cab-9ab4-497a-9700-a6fee171ac1c,Bashful Navy Bunny,SMALL,18.0,Out of stock,2024/01/07 18:51:29,7,4
cad3b1da-c3bd-4496-b38f-16ee4e8a464f,Bashful Navy Bunny with Personalised Cream Jumper,MEDIUM,38.0,In Stock,2024/01/07 18:51:31,12,5
43d4c8ad-a9ac-4542-b6d9-e08cb4a9968f,Bashful Navy Bunny with Personalised Red Jumper,MEDIUM,38.0,In Stock,2024/01/07 18:51:33,12,5
254bd08d-3c1a-427c-aa13-3151f89c432b,Personalised Bashful Navy Bunny Medium,MEDIUM,34.0,In Stock,2024/01/07 18:51:35,12,5
f6d8827d-a12f-48a7-bae0-ce0444453826,Sacha Snow Tiger,REALLY BIG,200.0,In Stock,2024/01/07 18:51:37,9,29
f6d8827d-a12f-48a7-bae0-ce0444453826,Sacha Snow Tiger,LARGE,80.0,More on the way,2024/01/07 18:51:37,5,18
48fb7484-f1d2-43b2-958a-9fe0cbd69e5d,My Friend Bunny Book,ONE SIZE,15.0,In Stock,2024/01/07 18:51:39,9,9
a674e0ef-0b7f-4aea-a2ca-7a5de7f69aa3,Bashful Beige Bunny Blanket,ONE SIZE,45.0,In Stock,2024/01/07 18:51:41,40,30
fd0a6803-ed10-4d4f-9416-1b4efd83beb1,Bashful Blue Bunny Blanket,ONE SIZE,45.0,In Stock,2024/01/07 18:51:42,40,30
16c141d4-a6f1-424d-9051-1da293506039,Bashful Pink Bunny Blanket,ONE SIZE,45.0,In Stock,2024/01/07 18:51:44,40,30
a34b4e92-6d9a-48ea-a729-6dad6f5a064a,Harry Panda Cub,HUGE,120.0,Out of stock,2024/01/07 18:51:46,20,10
a34b4e92-6d9a-48ea-a729-6dad6f5a064a,Harry Panda Cub,LARGE,65.0,More on the way,2024/01/07 18:51:46,15,8
a34b4e92-6d9a-48ea-a729-6dad6f5a064a,Harry Panda Cub,MEDIUM,35.0,In Stock,2024/01/07 18:51:46,11,6
a34b4e92-6d9a-48ea-a729-6dad6f5a064a,Harry Panda Cub,TINY,13.0,Out of stock,2024/01/07 18:51:46,5,3
a67d90df-20de-4542-bb9e-8f07e7727d93,Bashful Lamb with Personalied Red Jumper,MEDIUM,38.0,In Stock,2024/01/07 18:51:48,12,5
7ffd7081-d415-4ba1-837d-f314398dc3b5,Larry Lobster,MEDIUM,33.0,In Stock,2024/01/07 18:51:50,11,4
7ffd7081-d415-4ba1-837d-f314398dc3b5,Larry Lobster,SMALL,25.0,Returning to stock 2-3 months,2024/01/07 18:51:50,8,3
208e801f-0313-4990-84b2-49b901e349fa,Bashful Truffle Bunny,MEDIUM,28.0,In Stock,2024/01/07 18:51:53,12,5
208e801f-0313-4990-84b2-49b901e349fa,Bashful Truffle Bunny,SMALL,18.0,Out of stock,2024/01/07 18:51:53,7,4
77b991f1-0932-4d3f-bd62-170d7659be5e,Colin Chameleon,ONE SIZE,29.0,In Stock,2024/01/07 18:51:54,11,4
1bea9db9-77bc-440e-ac07-f781115fbde4,Bashful Truffle Bunny with Personalised Cream Jumper,MEDIUM,38.0,In Stock,2024/01/07 18:51:56,12,5
9e002504-0fe9-4077-8c1d-bf6ccfe037df,Bashful Truffle Bunny with Personalised Navy Jumper,MEDIUM,38.0,In Stock,2024/01/07 18:51:58,12,5
55ad7ef7-7353-46e3-afc7-49380b3cec78,Bashful Truffle Bunny with Personalised Red Jumper,MEDIUM,38.0,In Stock,2024/01/07 18:52:00,12,5
54b4fab1-9dd4-4c33-92a9-9ecb5fcfc9bc,Bashful Fox Cub,HUGE,80.0,In Stock,2024/01/07 18:52:02,20,8
54b4fab1-9dd4-4c33-92a9-9ecb5fcfc9bc,Bashful Fox Cub,MEDIUM,28.0,More on the way,2024/01/07 18:52:02,12,5
54b4fab1-9dd4-4c33-92a9-9ecb5fcfc9bc,Bashful Fox Cub,SMALL,16.5,Out of stock,2024/01/07 18:52:02,7,4
e6ac34c6-5cbf-4714-bc87-738ad5442896,Bashful Toffee Puppy,VERY BIG,275.0,In Stock,2024/01/07 18:52:05,43,18
e6ac34c6-5cbf-4714-bc87-738ad5442896,Bashful Toffee Puppy,REALLY BIG,125.0,In Stock,2024/01/07 18:52:05,26,12
e6ac34c6-5cbf-4714-bc87-738ad5442896,Bashful Toffee Puppy,MEDIUM,28.0,Returning to stock 2-3 months,2024/01/07 18:52:05,12,5
e6ac34c6-5cbf-4714-bc87-738ad5442896,Bashful Toffee Puppy,SMALL,18.0,Returning to stock 2-3 months,2024/01/07 18:52:05,7,4
f3fe01e4-62a5-4dec-bad1-97d40e2fae9b,If I Were A Bunny Book,ONE SIZE,13.5,In Stock,2024/01/07 18:52:06,6,6
f1728e82-8303-4670-a9f8-6027e6b1a845,The Very Brave Lion Book,ONE SIZE,15.0,In Stock,2024/01/07 18:52:08,9,9
54da4ffe-303b-41be-9b3f-ae2cae08e25c,If I Were A Bunny Book and Bashful Bunny,SMALL,31.5,In Stock,2024/01/07 18:52:09,,
fbc744de-4b54-4f7d-bdda-8c56acffa801,The Very Brave Lion Book and Fuddlewuddle Lion,MEDIUM,45.0,In Stock,2024/01/07 18:52:11,,
c0dc3f75-ea32-4136-897a-9525ffc5444e,Bashful Twinkle Bunny,MEDIUM,28.0,More on the way,2024/01/07 18:52:13,12,5
c0dc3f75-ea32-4136-897a-9525ffc5444e,Bashful Twinkle Bunny,SMALL,18.0,In Stock,2024/01/07 18:52:13,7,4
0347691b-ffdc-48da-be47-64341340ee60,Blossom Tulip Bunny,HUGE,80.0,Out of stock,2024/01/07 18:52:15,20,8
0347691b-ffdc-48da-be47-64341340ee60,Blossom Tulip Bunny,LARGE,43.0,In Stock,2024/01/07 18:52:15,14,6
0347691b-ffdc-48da-be47-64341340ee60,Blossom Tulip Bunny,MEDIUM,28.0,In Stock,2024/01/07 18:52:15,12,5
0347691b-ffdc-48da-be47-64341340ee60,Blossom Tulip Bunny,SMALL,18.0,In Stock,2024/01/07 18:52:15,7,4
0347691b-ffdc-48da-be47-64341340ee60,Blossom Tulip Bunny,TINY,10.0,Out of stock,2024/01/07 18:52:15,5,
00e0d156-9ca7-4104-a272-395678792040,Blossom Tulip Bunny with Personalised Cream Jumper,MEDIUM,38.0,In Stock,2024/01/07 18:52:17,12,5
8417de49-5e86-40df-a433-eaf1fe44b575,Blossom Tulip Bunny with Personalised Navy Jumper,MEDIUM,38.0,In Stock,2024/01/07 18:52:19,12,5
52886e84-a7aa-415a-92d1-2ce110f8f06c,Blossom Tulip Bunny with Personalised Red Jumper,MEDIUM,38.0,In Stock,2024/01/07 18:52:21,12,5
a10b0dbc-a61c-4c16-ac49-a67abaef9d56,Personalised Bashful Silver Bunny Huge,HUGE,86.0,In Stock,2024/01/07 18:52:23,20,8
a8604e78-b9c2-41ef-b9ec-fa78ed2358cd,If I Were An Elephant Book,ONE SIZE,13.5,In Stock,2024/01/07 18:52:25,6,6
dca0e72d-a465-422a-aaa9-5944c1bcc498,The Magic Bunny Book,ONE SIZE,15.0,In Stock,2024/01/07 18:52:27,7,7
d74223f3-4234-4f79-80e1-6355db769f32,When I am Big Book,ONE SIZE,15.0,In Stock,2024/01/07 18:52:28,8,8
ed5f0f17-ce38-463b-ad8a-526484f8f045,Bumbly Bear,HUGE,99.0,Out of stock,2024/01/07 18:52:31,23,9
ed5f0f17-ce38-463b-ad8a-526484f8f045,Bumbly Bear,LARGE,60.0,In Stock,2024/01/07 18:52:31,20,7
ed5f0f17-ce38-463b-ad8a-526484f8f045,Bumbly Bear,MEDIUM,43.0,In Stock,2024/01/07 18:52:31,15,6
ed5f0f17-ce38-463b-ad8a-526484f8f045,Bumbly Bear,SMALL,28.0,More on the way,2024/01/07 18:52:31,11,4
16fdd582-b8e7-4f49-90e8-0addab327346,The Magic Bunny Book and Bashful Cottontail Bunny,MEDIUM,43.0,In Stock,2024/01/07 18:52:33,,
92834c26-bd4e-443f-9d09-bea7d81be9cd,Bashful Unicorn,MEDIUM,28.0,In Stock,2024/01/07 18:52:35,12,5
92834c26-bd4e-443f-9d09-bea7d81be9cd,Bashful Unicorn,SMALL,18.0,In Stock,2024/01/07 18:52:35,7,4
45598476-b543-48d8-8ed3-5b6cf2658799,Fuddlewuddle Monkey,MEDIUM,30.0,In Stock,2024/01/07 18:52:36,9,5
157d311c-a781-459e-9f48-8510f91405d9,Bashful Beige Bunny Grabber,ONE SIZE,15.0,In Stock,2024/01/07 18:52:38,7,3
7027fb1a-cfac-4c02-be11-5067af74dc12,If I Were A Rabbit Book,ONE SIZE,13.5,In Stock,2024/01/07 18:52:40,6,6
3bf31966-b32b-4bc7-86a1-f277abdb936f,If I Were A Rabbit Book and Bashful Tulip Bunny,SMALL,31.5,In Stock,2024/01/07 18:52:42,,
d4d0edf6-f3ca-4cdb-bfa5-8b39d882896a,Fuddlewuddle Lion,HUGE,69.0,Out of stock,2024/01/07 18:52:44,17,9
d4d0edf6-f3ca-4cdb-bfa5-8b39d882896a,Fuddlewuddle Lion,LARGE,50.0,More on the way,2024/01/07 18:52:44,12,6
d4d0edf6-f3ca-4cdb-bfa5-8b39d882896a,Fuddlewuddle Lion,MEDIUM,30.0,In Stock,2024/01/07 18:52:44,9,5
8b4d47da-f879-43d6-a2ff-52c9db65ab61,Bartholomew Bear,REALLY BIG,140.0,In Stock,2024/01/07 18:52:46,22,13
8b4d47da-f879-43d6-a2ff-52c9db65ab61,Bartholomew Bear,HUGE,55.0,In Stock,2024/01/07 18:52:46,19,7
8b4d47da-f879-43d6-a2ff-52c9db65ab61,Bartholomew Bear,LARGE,40.0,In Stock,2024/01/07 18:52:46,14,7
8b4d47da-f879-43d6-a2ff-52c9db65ab61,Bartholomew Bear,MEDIUM,28.0,More on the way,2024/01/07 18:52:46,11,5
8b4d47da-f879-43d6-a2ff-52c9db65ab61,Bartholomew Bear,TINY,18.5,In Stock,2024/01/07 18:52:46,6,3
40d42045-ed92-4a3f-8617-169e64b7665a,Bashful Silver Bunny,VERY BIG,275.0,In Stock,2024/01/07 18:52:49,43,18
40d42045-ed92-4a3f-8617-169e64b7665a,Bashful Silver Bunny,REALLY BIG,125.0,In Stock,2024/01/07 18:52:49,26,11
40d42045-ed92-4a3f-8617-169e64b7665a,Bashful Silver Bunny,HUGE,80.0,In Stock,2024/01/07 18:52:49,20,8
40d42045-ed92-4a3f-8617-169e64b7665a,Bashful Silver Bunny,LARGE,37.5,Out of stock,2024/01/07 18:52:49,14,6
40d42045-ed92-4a3f-8617-169e64b7665a,Bashful Silver Bunny,MEDIUM,28.0,In Stock,2024/01/07 18:52:49,12,5
40d42045-ed92-4a3f-8617-169e64b7665a,Bashful Silver Bunny,SMALL,18.0,In Stock,2024/01/07 18:52:49,7,4
5133d231-4f82-4461-84e7-471cf7b92730,Bashful Silver Bunny with Personalised Cream Jumper,MEDIUM,38.0,In Stock,2024/01/07 18:52:51,12,5
8e899753-eb55-497b-a20b-5834accea54f,Bashful Silver Bunny with Personalised Navy Jumper,MEDIUM,38.0,In Stock,2024/01/07 18:52:53,12,5
a399cc4d-b660-4c8d-af05-dfce5a9d5eb5,Bashful Silver Bunny with Personalised Red Jumper,MEDIUM,38.0,In Stock,2024/01/07 18:52:55,12,5
644871c4-a44e-49c3-90de-e544ae2167b8,Personalised Bashful Silver Bunny Medium,MEDIUM,34.0,In Stock,2024/01/07 18:52:57,12,5
0826b40f-5ff3-4bb2-8275-b484f9390aa7,Bashful Cottontail Bunny,VERY BIG,275.0,In Stock,2024/01/07 18:52:59,43,18
0826b40f-5ff3-4bb2-8275-b484f9390aa7,Bashful Cottontail Bunny,REALLY BIG,125.0,In Stock,2024/01/07 18:52:59,26,12
0826b40f-5ff3-4bb2-8275-b484f9390aa7,Bashful Cottontail Bunny,MEDIUM,28.0,In Stock,2024/01/07 18:52:59,12,5
0826b40f-5ff3-4bb2-8275-b484f9390aa7,Bashful Cottontail Bunny,SMALL,17.5,Out of stock,2024/01/07 18:52:59,7,4
310f2297-aa64-4d32-8e2f-1df2c24050fe,Blossom Cream Bunny,LARGE,43.0,Out of stock,2024/01/07 18:53:01,14,6
310f2297-aa64-4d32-8e2f-1df2c24050fe,Blossom Cream Bunny,MEDIUM,28.0,Returning to stock 3-4 weeks,2024/01/07 18:53:01,12,5
310f2297-aa64-4d32-8e2f-1df2c24050fe,Blossom Cream Bunny,SMALL,18.0,In Stock,2024/01/07 18:53:01,7,4
6006d81f-c380-4dba-951d-85ccb40ffef6,Bashful Cottontail Bunny with Personalised Cream Jumper,MEDIUM,38.0,In Stock,2024/01/07 18:53:03,12,5
6e448262-d70e-4454-9b80-c60dc10ee7bc,Bashful Cottontail Bunny with Personalised Navy Jumper,MEDIUM,38.0,In Stock,2024/01/07 18:53:05,12,5
bb337f98-be3a-429c-b958-3a8ac6608743,Bashful Cottontail Bunny with Personalised Red Jumper,MEDIUM,38.0,In Stock,2024/01/07 18:53:07,12,5
42415b56-a59c-4542-8aec-6c52c781c35e,Personalised Bashful Cottontail Bunny Medium,MEDIUM,34.0,In Stock,2024/01/07 18:53:10,12,5
1bc5c147-897b-4cee-8059-4edc2b354bb4,Bashful Monkey Soother,ONE SIZE,25.0,In Stock,2024/01/07 18:53:11,13,13
6e7c9fad-258f-4b6a-bc41-8662f5f0efb1,Bashful Black & Cream Puppy,VERY BIG,275.0,In Stock,2024/01/07 18:53:13,43,18
6e7c9fad-258f-4b6a-bc41-8662f5f0efb1,Bashful Black & Cream Puppy,MEDIUM,28.0,In Stock,2024/01/07 18:53:13,12,5
6e7c9fad-258f-4b6a-bc41-8662f5f0efb1,Bashful Black & Cream Puppy,SMALL,18.0,In Stock,2024/01/07 18:53:13,7,4
4be1ef60-8e9a-4435-aa1c-4b63c96113be,Bashful Blue Bunny,HUGE,67.5,Out of stock,2024/01/07 18:53:16,20,8
4be1ef60-8e9a-4435-aa1c-4b63c96113be,Bashful Blue Bunny,MEDIUM,28.0,In Stock,2024/01/07 18:53:16,12,5
4be1ef60-8e9a-4435-aa1c-4b63c96113be,Bashful Blue Bunny,TINY,10.0,Out of stock,2024/01/07 18:53:16,5,2
fb56e132-cd32-46a8-8072-b0b16c6e0800,Bashful Pink Bunny,HUGE,67.5,Out of stock,2024/01/07 18:53:18,20,8
fb56e132-cd32-46a8-8072-b0b16c6e0800,Bashful Pink Bunny,LARGE,43.0,Out of stock,2024/01/07 18:53:18,14,6
fb56e132-cd32-46a8-8072-b0b16c6e0800,Bashful Pink Bunny,MEDIUM,28.0,In Stock,2024/01/07 18:53:18,12,5
fb56e132-cd32-46a8-8072-b0b16c6e0800,Bashful Pink Bunny,TINY,10.0,Out of stock,2024/01/07 18:53:18,5,2
c7658d88-d930-48de-bb3d-e8021664227e,Fuddlewuddle Puppy,MEDIUM,30.0,In Stock,2024/01/07 18:53:20,9,5
9f65e090-994e-4172-9a3b-2c88b65b4703,Bashful Black & Cream Puppy with Personalised Cream Jumper,MEDIUM,38.0,In Stock,2024/01/07 18:53:22,12,5
89341d84-d1f6-4bdb-8d96-625577f555d0,Bashful Blue Bunny with Personalised Cream Jumper,MEDIUM,38.0,In Stock,2024/01/07 18:53:24,12,5
871452d8-6ea1-4d6d-af46-8b852d28f4a0,Bashful Pink Bunny with Personalised Cream Jumper,MEDIUM,38.0,In Stock,2024/01/07 18:53:26,12,5
1aa07380-48c2-4dcf-be98-1d16115b4e15,Bashful Black & Cream Puppy with Personalised Navy Jumper,MEDIUM,38.0,In Stock,2024/01/07 18:53:28,12,5
9eb32c84-1067-4c0a-b5d3-5b199820e014,Bashful Blue Bunny with Personalised Navy Jumper,MEDIUM,38.0,In Stock,2024/01/07 18:53:30,12,5
310db633-1da1-42f1-b600-71c6a7d43fde,Bashful Pink Bunny with Personalised Navy Jumper,MEDIUM,38.0,In Stock,2024/01/07 18:53:31,12,5
df302b15-3ace-4f62-bcd6-6a82e86dd7ae,Bashful Black & Cream Puppy with Personalised Red Jumper,MEDIUM,38.0,In Stock,2024/01/07 18:53:34,12,5
a524c991-5fa7-4c3d-af64-68cd8660f807,Bashful Blue Bunny with Personalised Red Jumper,MEDIUM,38.0,In Stock,2024/01/07 18:53:35,12,5
0842b91d-b6d8-47cb-a535-2ef0fe3f0df7,Bashful Pink Bunny with Personalised Red Jumper,MEDIUM,38.0,In Stock,2024/01/07 18:53:37,12,5
a0b4c074-2dbb-45d1-ba98-6f16efbbd5bd,Personalised Bashful Blue Bunny Medium,MEDIUM,34.0,In Stock,2024/01/07 18:53:40,12,5
ba8e5153-eb6b-4490-a981-20aabda75e86,Bashful Pink Bunny Rattle,SMALL,15.0,In Stock,2024/01/07 18:53:41,7,4
1c1bde6c-9597-49fd-b4b7-16a3ea6b5d9b,Bashful Pink Bunny Soother,ONE SIZE,25.0,In Stock,2024/01/07 18:53:43,13,13
cb5a1cc5-39fa-40ea-b493-297aaa50f711,Personalised Bashful Cream Bunny Huge,HUGE,86.0,In Stock,2024/01/07 18:53:45,20,8
0db5ebf3-09c2-46ac-9d1f-3822f7395502,Edward Bear,MEDIUM,30.0,In Stock,2024/01/07 18:53:47,13,6
0db5ebf3-09c2-46ac-9d1f-3822f7395502,Edward Bear,SMALL,23.0,Out of stock,2024/01/07 18:53:47,10,5
62a8e1a4-d237-40dd-947c-c0033d243b31,Personalised Bashful Beige Bunny Huge,HUGE,86.0,In Stock,2024/01/07 18:53:49,20,8
8c17802a-cad0-4b02-9326-fca287a68da3,Bashful Beige Bunny,VERY BIG,275.0,In Stock,2024/01/07 18:53:52,43,18
8c17802a-cad0-4b02-9326-fca287a68da3,Bashful Beige Bunny,REALLY BIG,125.0,In Stock,2024/01/07 18:53:52,26,12
8c17802a-cad0-4b02-9326-fca287a68da3,Bashful Beige Bunny,HUGE,80.0,In Stock,2024/01/07 18:53:52,20,8
8c17802a-cad0-4b02-9326-fca287a68da3,Bashful Beige Bunny,LARGE,43.0,In Stock,2024/01/07 18:53:52,14,6
8c17802a-cad0-4b02-9326-fca287a68da3,Bashful Beige Bunny,MEDIUM,28.0,Out of stock,2024/01/07 18:53:52,12,5
8c17802a-cad0-4b02-9326-fca287a68da3,Bashful Beige Bunny,SMALL,18.0,In Stock,2024/01/07 18:53:52,7,4
8c17802a-cad0-4b02-9326-fca287a68da3,Bashful Beige Bunny,TINY,14.0,In Stock,2024/01/07 18:53:52,5,2
43792bcc-e506-4794-8df8-69713a4cd8f8,Bashful Cream Bunny,VERY BIG,275.0,Returning to stock 2-3 months,2024/01/07 18:53:55,43,18
43792bcc-e506-4794-8df8-69713a4cd8f8,Bashful Cream Bunny,REALLY BIG,125.0,In Stock,2024/01/07 18:53:55,26,11
43792bcc-e506-4794-8df8-69713a4cd8f8,Bashful Cream Bunny,HUGE,80.0,In Stock,2024/01/07 18:53:55,20,8
43792bcc-e506-4794-8df8-69713a4cd8f8,Bashful Cream Bunny,LARGE,43.0,In Stock,2024/01/07 18:53:55,14,6
43792bcc-e506-4794-8df8-69713a4cd8f8,Bashful Cream Bunny,MEDIUM,28.0,Returning to stock 2-3 months,2024/01/07 18:53:55,12,5
43792bcc-e506-4794-8df8-69713a4cd8f8,Bashful Cream Bunny,SMALL,18.0,In Stock,2024/01/07 18:53:55,7,4
43792bcc-e506-4794-8df8-69713a4cd8f8,Bashful Cream Bunny,TINY,14.0,Out of stock,2024/01/07 18:53:55,5,2
b5788b5c-1aa0-42bd-973c-a846ecce903d,Personalised Rose Dragon Huge,HUGE,126.0,In Stock,2024/01/07 18:53:57,7,26
c8ee7305-f0c7-4d66-82a9-798ff9a717cf,Personalised Bashful Pink Bunny Soother,ONE SIZE,31.0,In Stock,2024/01/07 18:53:59,13,13
7c453be5-a99d-403a-93dd-3a77161872da,Rory Le Courageux Petit Lion & Fuddlewuddle Lion,MEDIUM,45.0,In Stock,2024/01/07 18:54:00,,
937ba044-d706-44ab-819a-3d5ef2c67e54,All Kinds of Cats Book and Jellycat Jack,MEDIUM,60.0,In Stock,2024/01/07 18:54:02,,
d9023272-87dc-4c85-9eab-ff3a8e0ead2b,Lottie Fairy Bunny Book and Lottie Bunny Fairy,ONE SIZE,47.5,In Stock,2024/01/07 18:54:03,,
8b76119c-d8e5-44c4-ae6f-d423d952e288,Lapin Timide Veille Sur Tes Nuits & Bashful Cottontail Bunny,MEDIUM,43.0,In Stock,2024/01/07 18:54:05,,
7b7eed10-e8fc-494e-80d6-10a1895c446c,Merry Mouse Book and Merry Mouse,ONE SIZE,42.5,In Stock,2024/01/07 18:54:06,,
01b89dbb-da63-4f05-8a39-ebd3c81af32a,Lapin Timide Veut Grandir & Bashful Cream Bunny,MEDIUM,43.0,In Stock,2024/01/07 18:54:08,,
bc41ba39-22f7-486f-bea8-11089e20b3fc,Festival Dragon,ONE SIZE,55.0,Returning to stock next week,2024/01/07 18:54:09,4,17
473d4225-62eb-48c5-8b4e-9ba3ebebbd2f,Archie Dinosaur,ONE SIZE,35.0,More on the way,2024/01/07 18:54:11,9,6
fec4fd8b-c3ea-47cd-ba53-2f8d1c0f07f1,Bashful Grey Kitty,MEDIUM,28.0,More on the way,2024/01/07 18:54:13,12,5
f2642d7b-c973-423a-a25b-aa1aa355a29e,If I Were a Bunny Board Book,ONE SIZE,13.5,Returning to stock 2-3 months,2024/01/07 18:54:14,6,6
245ba4a1-6f46-415e-9ab1-965dba9d5f83,Blossom Beige Bunny Bag Charm,ONE SIZE,23.0,More on the way,2024/01/07 18:54:16,7,2
670738a3-e369-44c6-9138-bb6c52a71bf9,Blossom Blush Bunny Bag Charm,ONE SIZE,23.0,More on the way,2024/01/07 18:54:18,7,2
9556d15d-ae00-4375-9e62-d54e9b6a297b,Blossom Jasmine Bunny Bag Charm,ONE SIZE,23.0,More on the way,2024/01/07 18:54:19,7,2
41da1b18-03d3-47e1-ba60-4113d022a545,Backpack Panda,ONE SIZE,30.0,More on the way,2024/01/07 18:54:21,9,4
4ce23dfc-2392-42aa-b2f2-c20ef8533bf8,Caboodle Puppy,ONE SIZE,20.0,More on the way,2024/01/07 18:54:22,4,4
994f0019-ffc5-4521-bb26-3d2289faa3b5,Carissa Persian Cat,ONE SIZE,45.0,Returning to stock 2-3 months,2024/01/07 18:54:24,10,10
4bf65ce7-6749-4468-822a-02d191e9d8ce,Clyde Capybara,ONE SIZE,43.0,Out of stock,2024/01/07 18:54:26,8,9
c3ba657f-f9ff-46db-aaf6-2b78b4bf7fa1,Dara Giraffe,ONE SIZE,75.0,More on the way,2024/01/07 18:54:28,22,7
032e8880-7d53-450e-8cbe-b87436773cf1,Dario Donkey,ONE SIZE,60.0,More on the way,2024/01/07 18:54:29,14,7
707f164e-e280-496c-bb41-85826748f0e8,Fuddlewuddle Ginger Cat,MEDIUM,30.0,More on the way,2024/01/07 18:54:31,9,5
6ffa8828-1f48-4de2-861f-77c9b9ec71a1,Gordy Guinea Pig,ONE SIZE,30.0,More on the way,2024/01/07 18:54:33,8,6
70ce2ee9-9ce9-4cc3-8f7a-dd2c11da9354,Huddles Kangaroo,ONE SIZE,45.0,Returning to stock 2-3 months,2024/01/07 18:54:34,10,6
e0e87ba8-3462-4438-a20c-a5efc7610972,Iris Siamese Cat,ONE SIZE,33.0,More on the way,2024/01/07 18:54:36,11,5
3087c24c-cd1e-4e09-b335-f740d66f4a45,Little Goat,ONE SIZE,22.0,More on the way,2024/01/07 18:54:38,7,4
fce0c156-2d9a-44e7-b019-5b75f0024d88,Little Pig Bag,ONE SIZE,40.0,Returning to stock 2-3 months,2024/01/07 18:54:39,7,7
9cb5d351-ebc2-4b36-8310-7c0e79a05ff4,Little Pup Bag Charm,ONE SIZE,25.0,More on the way,2024/01/07 18:54:41,7,2
7ba6fb02-90ef-4020-b8ab-60c150b34a10,Randall Basset Hound,ONE SIZE,35.0,More on the way,2024/01/07 18:54:43,9,13
85e4c559-fab8-4fec-8f7e-d4b22a6e3ac2,Richie Dromedary,ONE SIZE,60.0,More on the way,2024/01/07 18:54:44,11,17
046a442a-bcda-4d39-9600-9cc1494adb10,Tilly Golden Retriever,ONE SIZE,35.0,More on the way,2024/01/07 18:54:46,11,6
d5f9e70e-36d1-43af-a87e-72a67806812f,Wanderlust Elly,ONE SIZE,100.0,More on the way,2024/01/07 18:54:47,7,14
2a4daaff-89c3-4790-85e9-abadec54b5b5,Yummy Puppy,ONE SIZE,20.0,Returning to stock 2-3 months,2024/01/07 18:54:49,6,3
6bac5d48-fe98-4aed-8cc8-705464c89119,Dainty Dessert Bunny Cupcake,ONE SIZE,28.0,Returning to stock 2-3 months,2024/01/07 18:54:50,6,4
eeea35dd-8b91-4f7d-a710-ef1e6afde9aa,Fluffy Duck,ONE SIZE,15.0,Returning to stock 2-3 months,2024/01/07 18:54:52,4,2
f8c7c160-52b7-487f-912b-078d9664a85e,Finnegan Frog,ONE SIZE,20.0,More on the way,2024/01/07 18:54:54,9,3
66b70f82-e7bc-4908-ac51-b0a3bacc1eee,Honeyhome Bee,ONE SIZE,35.0,More on the way,2024/01/07 18:54:55,7,7
a1ed4310-2d50-4789-b137-e7de15cbd4b2,Smudge Rabbit Big,BIG,75.0,More on the way,2024/01/07 18:54:57,6,17
978a320c-852f-4576-ba34-c8ef4ddae158,Bartholomew Bear Bag,ONE SIZE,38.0,Returning to stock 3-4 weeks,2024/01/07 18:54:58,6,7
92574676-4691-43b3-8190-7bf1b46c5729,Bashful Bunny Cream Bag Charm,ONE SIZE,19.0,Out of stock,2024/01/07 18:55:00,7,2
6dc916cf-6a47-43be-a44f-d1a6f2cd131f,Bashful Bunny Truffle Bag Charm,ONE SIZE,19.0,More on the way,2024/01/07 18:55:02,7,2
46ac0247-5d47-4ef3-926b-c02775e26c3d,Bashful Bunny Inky Bag Charm,ONE SIZE,19.0,More on the way,2024/01/07 18:55:04,7,2
99831086-0909-402d-8934-255b06b7118e,Kitten Tails Activity Book,ONE SIZE,18.5,More on the way,2024/01/07 18:55:05,9,5
58f59c73-402f-4eed-96a2-05e51c830a78,When I Am Sleepy Book,ONE SIZE,15.0,Returning to stock 3-4 weeks,2024/01/07 18:55:07,8,8
1dd6f84d-0ae2-4973-a8fe-db3b7059834b,Backpack Puppy,ONE SIZE,30.0,More on the way,2024/01/07 18:55:08,9,4
69b707c8-b17d-423b-89cc-94234a228c33,Caractacus Chameleon,ONE SIZE,65.0,More on the way,2024/01/07 18:55:10,15,7
8f4cc029-76b4-462e-ac33-0eb82918243a,Cauldron Cuties,ONE SIZE,35.0,More on the way,2024/01/07 18:55:11,6,5
bc14b5aa-bbc2-4635-b641-6a8f9ea34cb1,Coquette Cutie Cat,ONE SIZE,32.5,More on the way,2024/01/07 18:55:13,10,2
c6456e37-172e-46ff-b9e3-a5329f76e355,Daphne Pomeranian,ONE SIZE,33.0,More on the way,2024/01/07 18:55:15,9,8
b9c45214-0362-4dcd-9b59-061d9b3a0e25,Floofie St Bernard,ONE SIZE,80.0,More on the way,2024/01/07 18:55:16,7,16
3b7d6954-7b4e-44b6-b67b-be7c6368dc29,Freya Pony,ONE SIZE,65.0,More on the way,2024/01/07 18:55:18,13,13
e271fc37-bc4d-4d67-9295-04c469682845,Georgiana Poodle,ONE SIZE,33.0,More on the way,2024/01/07 18:55:19,9,5
0d4e7646-c49f-4be8-8204-2d85a1c6ad96,Jackson Husky,ONE SIZE,35.0,More on the way,2024/01/07 18:55:21,10,6
fdc990fa-1e70-47d2-a350-8cb0c180cf4e,Kitten Caboodle Grey,ONE SIZE,20.0,Returning to stock 3-4 weeks,2024/01/07 18:55:22,4,4
c8f8b9db-46fc-441a-b9a5-1808646d58d4,Little Snake,ONE SIZE,22.0,Returning to stock 2-3 months,2024/01/07 18:55:25,6,8
4f9757a9-63b2-416e-bbd9-174d0d91e8f7,Munro Scottie Dog Bag Charm,ONE SIZE,23.0,Returning to stock 2-3 months,2024/01/07 18:55:26,4,2
6c82be5e-a0d5-4c5b-95f2-af102eb271f4,Munro Scottie Dog Bag,ONE SIZE,40.0,Out of stock,2024/01/07 18:55:28,9,5
a881ec0c-e4a8-411f-9e6d-93f8ce884337,Myrtle Hippopotamus,ONE SIZE,45.0,More on the way,2024/01/07 18:55:30,15,6
534974fd-9412-4fc3-a41a-b8339d78c07c,Nessie Nessa,ONE SIZE,30.0,Out of stock,2024/01/07 18:55:31,9,14
7f169a00-ba66-4318-a7a9-3895be0d2678,Ooky Bat,ONE SIZE,20.0,More on the way,2024/01/07 18:55:33,6,2
a75ed66d-db17-43c9-8e6d-97fe0d4e7915,Otto Sausage Dog Bag,ONE SIZE,40.0,Returning to stock 3-4 weeks,2024/01/07 18:55:35,6,9
58fd42cc-f8a6-4322-9d0d-29318221668f,Ricky Rain Frog Bag Charm,ONE SIZE,23.0,Returning to stock 3-4 weeks,2024/01/07 18:55:36,3,3
5e0f466b-30b7-4024-9db3-6ca84f4110c9,Yummy Bear,ONE SIZE,20.0,More on the way,2024/01/07 18:55:38,6,3
d8879969-f081-4c7a-8efa-c44fd0d7211e,Birdling Seagull,ONE SIZE,17.0,More on the way,2024/01/07 18:55:39,4,3
a8eeac52-d1b0-498f-a210-f614dfefc81a,Little Reindeer,ONE SIZE,20.0,More on the way,2024/01/07 18:55:42,7,4
0b2ed95b-95b7-46b5-9520-72115e2bb599,Merry Mouse Sleighing,ONE SIZE,42.5,Out of stock,2024/01/07 18:55:44,7,4
e9fb3e06-78cc-47e6-8c67-8c8b007d7219,Nesting Penguins,ONE SIZE,35.0,More on the way,2024/01/07 18:55:46,4,5
8c9482ea-ee9a-4a5a-b3f6-94416c84b52c,Ronnie Rockhopper Penguin,ONE SIZE,25.0,More on the way,2024/01/07 18:55:47,10,4
d0ae3394-4904-42cb-8663-108da3b03438,Wee Reindeer,ONE SIZE,17.5,Out of stock,2024/01/07 18:55:49,5,3
a9ac3d8d-0676-4d7d-b352-f07aa353da46,Bartholomew Bear Bag Charm,ONE SIZE,23.0,Out of stock,2024/01/07 18:55:51,5,2
ee7af603-5604-4be0-8b18-66246fdd1aee,Blowzy Belle Cat,ONE SIZE,37.5,More on the way,2024/01/07 18:55:52,17,4
1e8b9037-c97c-4d46-b79b-9a0c9c699bbe,Fuzzkin Lamb,ONE SIZE,25.0,More on the way,2024/01/07 18:55:54,9,4
911bc018-90b1-4290-9c3c-7478aa66d3e1,Herbie Highland Cow,ONE SIZE,35.0,More on the way,2024/01/07 18:55:56,10,6
3934f951-9f2c-4caa-b863-6bebceb8ac1d,Little Monkey,ONE SIZE,22.0,More on the way,2024/01/07 18:55:57,7,4
fffbaeca-3985-444d-8a6e-6d3de3888571,Little Mouse,ONE SIZE,22.0,More on the way,2024/01/07 18:55:59,7,4
b29998e5-03df-4e5f-8ad9-f4249f22af6a,Personalised Bashful Luxe Bunny Rosa Huge,HUGE,91.0,More on the way,2024/01/07 18:56:01,20,8
697384ad-5896-45cc-bea5-bd822bb3becc,Sweetsicle Elephant,ONE SIZE,20.0,More on the way,2024/01/07 18:56:02,6,3
f99294ff-db3a-4e22-9da7-1827f3af26b4,Tumblie Elephant,ONE SIZE,30.0,Returning to stock 2-3 months,2024/01/07 18:56:04,5,14
97b44bc7-5093-4e53-9ac5-b3c24ceb38b6,Wavelly Whale Blue,ONE SIZE,15.0,More on the way,2024/01/07 18:56:05,2,6
1157c35a-69e6-4f5e-8bea-2b25f070c054,Wavelly Whale Grey,ONE SIZE,15.0,Returning to stock 2-3 months,2024/01/07 18:56:07,3,5
c1ea8982-61ab-4946-bc28-8b2f6df654f5,Lottie The Ballet Bunny Book,ONE SIZE,15.0,Returning to stock 3-4 weeks,2024/01/07 18:56:09,7,7
f4b91743-622d-4258-928b-4134ad00df90,Sandy Snail,ONE SIZE,27.0,Returning to stock 2-3 months,2024/01/07 18:56:10,5,3
5f27f513-357c-499b-a80f-93dfa7539ea6,Yummy Duckling,ONE SIZE,20.0,More on the way,2024/01/07 18:56:12,6,4
1c1394ab-207b-4ebc-9860-f51d3909258e,Yummy Lamb,ONE SIZE,20.0,More on the way,2024/01/07 18:56:13,6,4
5a5287bb-cc99-493c-8fa1-6df5436679da,Amore Dog,ONE SIZE,40.0,More on the way,2024/01/07 18:56:15,10,7
2b4ef0cb-80b8-45dd-8910-5a74d165465d,Ambrosie Squirrel,ONE SIZE,35.0,More on the way,2024/01/07 18:56:16,9,4
cc13230d-fde3-49c7-a56e-af9abd0c6d3c,Archibald Elephant,MEDIUM,28.0,Returning to stock 2-3 months,2024/01/07 18:56:18,10,5
36fcdec2-f214-476f-a6c1-0718889a3ae7,Barnabus Pig,HUGE,55.0,Out of stock,2024/01/07 18:56:20,17,7
36fcdec2-f214-476f-a6c1-0718889a3ae7,Barnabus Pig,MEDIUM,28.0,Returning to stock 2-3 months,2024/01/07 18:56:20,10,5
c40f689d-f4bd-45da-ae20-9b08ae76f14c,Bashful Koala,MEDIUM,28.0,More on the way,2024/01/07 18:56:22,11,5
dfb682f3-f117-4be9-a348-67625add38e7,Backpack Unicorn,ONE SIZE,30.0,More on the way,2024/01/07 18:56:23,9,4
b5ea1676-19cd-4e50-86e1-a71e036b7023,Floofie Sheepdog,ONE SIZE,80.0,More on the way,2024/01/07 18:56:25,10,16
16fb5b62-4bec-473d-8ec8-228941d523f9,Magnus Manatee,ONE SIZE,50.0,More on the way,2024/01/07 18:56:26,6,14
83c27b6b-df66-40b9-9075-1a929f2a5b48,Napping Nipper Cat,ONE SIZE,25.0,More on the way,2024/01/07 18:56:28,4,6
2fa00c30-287a-4f73-95e4-3d63d52eb02f,Otto Sausage Dog,HUGE,75.0,Out of stock,2024/01/07 18:56:30,11,13
2fa00c30-287a-4f73-95e4-3d63d52eb02f,Otto Sausage Dog,LARGE,30.0,More on the way,2024/01/07 18:56:30,7,7
2fa00c30-287a-4f73-95e4-3d63d52eb02f,Otto Sausage Dog,SMALL,22.0,More on the way,2024/01/07 18:56:30,5,7
0f887a12-1a1d-4352-8014-f425abbe9430,Hibernating Penguin,ONE SIZE,22.0,More on the way,2024/01/07 18:56:32,5,5
6a31309a-b0ca-4369-86ec-783ddbf77071,Little Penguin,ONE SIZE,22.0,More on the way,2024/01/07 18:56:33,7,3
008185c0-b0af-405c-8fe6-ea55f311101c,Merry Mouse Candy Cane,ONE SIZE,27.5,More on the way,2024/01/07 18:56:35,7,4
30ed35b1-7852-4d17-aa9f-577179633155,Mitzi Reindeer,LARGE,50.0,More on the way,2024/01/07 18:56:38,14,4
30ed35b1-7852-4d17-aa9f-577179633155,Mitzi Reindeer,MEDIUM,32.5,More on the way,2024/01/07 18:56:38,10,3
b18b31bb-c769-4928-9c58-f48c8367c6e8,Bashful Black Kitten,MEDIUM,28.0,More on the way,2024/01/07 18:56:39,12,5
457a7880-7d04-47f0-a493-87994e7a4c5c,Bashful Snow Tiger,REALLY BIG,125.0,Out of stock,2024/01/07 18:56:41,26,12
457a7880-7d04-47f0-a493-87994e7a4c5c,Bashful Snow Tiger,HUGE,80.0,Out of stock,2024/01/07 18:56:41,20,8
457a7880-7d04-47f0-a493-87994e7a4c5c,Bashful Snow Tiger,MEDIUM,28.0,Returning to stock 3-4 weeks,2024/01/07 18:56:41,12,5
c4503292-1726-44d5-bbfc-96222e6c01f1,Birdling Blue Jay,ONE SIZE,17.0,More on the way,2024/01/07 18:56:45,4,3
758a31cc-0a3c-4e74-b4b8-1ccac63c2781,Birdling Mallard,ONE SIZE,17.0,More on the way,2024/01/07 18:56:47,4,3
e1e537e6-cfc0-4aca-af74-245b748dfc8f,Birdling Pigeon,ONE SIZE,17.0,More on the way,2024/01/07 18:56:48,4,3
2678fa1c-1e20-44c7-9f11-7855a7b99049,My Dad and Me Book,ONE SIZE,15.0,Returning to stock 3-4 weeks,2024/01/07 18:56:50,8,8
f96ca41a-099b-43a6-b4be-b3cdc4a5b4e0,Backpack Elephant,ONE SIZE,30.0,More on the way,2024/01/07 18:56:51,9,4
8fcaf88d-d2a5-42fe-ac10-ac9ec9c2357c,Bruce Bush Baby,ONE SIZE,27.5,More on the way,2024/01/07 18:56:53,7,5
d8f2173a-2375-4e2b-957b-bd9e43e6dce2,Curvie Sheep Dog,ONE SIZE,33.0,More on the way,2024/01/07 18:56:55,9,6
ebdbee83-d7dd-46da-84cc-54b11ba29d4d,Flumpie Frog,ONE SIZE,28.0,More on the way,2024/01/07 18:56:56,7,5
30c6fc8e-34e0-4cfa-b36b-217971b1118d,Huggady Panda,LARGE,67.5,Out of stock,2024/01/07 18:56:58,13,7
30c6fc8e-34e0-4cfa-b36b-217971b1118d,Huggady Panda,MEDIUM,30.0,More on the way,2024/01/07 18:56:58,9,5
471d7f99-addc-4225-af46-e6766ef2a936,Bashful Snow Tiger with Personalised Cream Jumper,MEDIUM,38.0,Returning to stock 3-4 weeks,2024/01/07 18:57:00,12,5
f9e83ce4-6812-48d1-9015-dd413284b571,Bashful Snow Tiger with Personalised Navy Jumper,MEDIUM,38.0,Returning to stock 3-4 weeks,2024/01/07 18:57:02,12,5
53232216-3054-4472-9490-2ab2fee7f49d,Bashful Snow Tiger with Personalised Red Jumper,MEDIUM,38.0,Returning to stock 3-4 weeks,2024/01/07 18:57:04,12,5
7593a931-6b82-4e39-99d1-43ab50a526aa,Kitten Caboodle Ginger,ONE SIZE,20.0,More on the way,2024/01/07 18:57:06,4,4
f145244c-9c1b-4888-91a0-87c47605b225,Little Frog,ONE SIZE,22.0,More on the way,2024/01/07 18:57:08,7,4
97ff22ff-d955-461d-bf0a-1b8e504fcd06,Munro Scottie Dog,HUGE,75.0,Out of stock,2024/01/07 18:57:09,17,9
97ff22ff-d955-461d-bf0a-1b8e504fcd06,Munro Scottie Dog,MEDIUM,30.0,More on the way,2024/01/07 18:57:09,9,5
e833bb8b-2a8b-4903-b76d-7264de33740a,Pacey Pufferfish,ONE SIZE,33.0,Returning to stock 2-3 months,2024/01/07 18:57:11,6,9
75516776-efa6-48f8-8215-f2d23e98d67f,Rock-a-Bye Bunny,ONE SIZE,30.0,More on the way,2024/01/07 18:57:13,7,4
10986b98-6647-4c9a-ae11-8237993dd3b9,Sleepee Panda,MEDIUM,25.0,Out of stock,2024/01/07 18:57:14,14,6
10986b98-6647-4c9a-ae11-8237993dd3b9,Sleepee Panda,SMALL,18.0,Out of stock,2024/01/07 18:57:14,9,4
b2381aa2-3f5f-42d8-b8d3-ca43db23afe1,Tommy Turtle,ONE SIZE,27.5,More on the way,2024/01/07 18:57:16,12,6
12195cfa-7d7d-4280-9f61-6144378e0287,Tully Turtle,ONE SIZE,33.0,Returning to stock 3-4 weeks,2024/01/07 18:57:18,4,10
71f00833-d487-4a5c-97f4-8250c19aa95b,Willow Owl,ONE SIZE,23.5,More on the way,2024/01/07 18:57:20,8,4
79b210ab-58a0-41dc-beed-f498ac200c18,Bashful Fudge Bunny with Personalised Cream Jumper,MEDIUM,38.0,More on the way,2024/01/07 18:57:21,12,5
64f0d657-f230-4881-a866-81d27da0846a,Bashful Fudge Bunny with Personalised Navy Jumper,MEDIUM,38.0,More on the way,2024/01/07 18:57:24,12,5
ae83fcd5-e048-4630-8611-85b112ee80f4,Bashful Fudge Bunny with Personalised Red Jumper,MEDIUM,38.0,More on the way,2024/01/07 18:57:26,12,5
6beb34fd-968a-4c1b-829d-512c46d0626b,Personalised Bashful Fudge Bunny Medium,MEDIUM,34.0,More on the way,2024/01/07 18:57:28,12,5
5798fb9b-4df7-4fbe-bc52-b8bf42a07424,Tumblie Duck,ONE SIZE,30.0,Returning to stock 3-4 weeks,2024/01/07 18:57:30,5,14
3e8c1af2-61c5-4494-9212-610dbdec73e4,Yummy Bunny Mint,ONE SIZE,20.0,More on the way,2024/01/07 18:57:32,5,4
2e1803b3-51ae-4aa8-a5d6-3d86da9d4618,Pet Tails Book,ONE SIZE,18.5,More on the way,2024/01/07 18:57:33,8,5
d121dbc1-b055-4b30-a200-4eeccfa089aa,Bonbon Monkey,ONE SIZE,16.0,More on the way,2024/01/07 18:57:35,9,4
edb2cf4b-5091-47d6-b9c8-b06073b28252,Backpack Bunny,ONE SIZE,30.0,More on the way,2024/01/07 18:57:37,9,4
395e50ab-57f0-4082-ad6d-aa9784639202,Backpack Dino,ONE SIZE,30.0,More on the way,2024/01/07 18:57:38,9,4
34553c11-42b7-47ec-bb6a-4b1fd652c1f2,Cosie Bunny,ONE SIZE,22.5,More on the way,2024/01/07 18:57:40,7,4
da81faca-f162-4cc9-b329-7538f24a26d5,Kitten Caboodle Cream,ONE SIZE,20.0,More on the way,2024/01/07 18:57:42,4,4
75508ee6-9bd7-459f-ba04-c9401a37be94,Little Panda,ONE SIZE,22.0,More on the way,2024/01/07 18:57:43,7,4
2b86f172-47b6-43af-b50e-516fa43e99fb,Lottie Bunny Ballet,ONE SIZE,30.0,More on the way,2024/01/07 18:57:45,11,4
2dba1c0e-5620-44c4-b00f-8399b85c0b19,Personalised Sage Dragon Huge,HUGE,126.0,More on the way,2024/01/07 18:57:46,7,26
32355437-c696-4ad4-9fef-64cdbc432738,Smudge Bear,MEDIUM,35.0,More on the way,2024/01/07 18:57:48,9,6
54b74b81-2809-446d-b719-ada7afc56ad6,Sensational Seafood Crab,ONE SIZE,12.5,More on the way,2024/01/07 18:57:50,4,4
de55e07e-e854-49ff-8c42-11b36ec29593,Sensational Seafood Lobster,ONE SIZE,12.5,More on the way,2024/01/07 18:57:51,6,4
e8a850c2-b497-4f93-aaf1-15c07f2ae045,Bashful Dusky Blue Bunny,MEDIUM,28.0,More on the way,2024/01/07 18:57:54,12,5
e8a850c2-b497-4f93-aaf1-15c07f2ae045,Bashful Dusky Blue Bunny,SMALL,18.0,Out of stock,2024/01/07 18:57:54,7,4
feb53f6f-a060-40ab-ad0d-a4f34799b9f4,Bashful Lion,MEDIUM,28.0,Returning to stock 3-4 weeks,2024/01/07 18:57:56,12,5
feb53f6f-a060-40ab-ad0d-a4f34799b9f4,Bashful Lion,SMALL,18.0,More on the way,2024/01/07 18:57:56,7,4
659e2a7c-62f9-496f-9caa-0ec90245e019,Bashful Blush Bunny Bag Charm,ONE SIZE,19.0,More on the way,2024/01/07 18:57:58,7,1
6bd2d641-1f7f-4c6f-b7dc-74c72c2a700b,Birdling Blue Tit,ONE SIZE,17.0,More on the way,2024/01/07 18:57:59,4,3
3fa015be-f78f-4ded-9e65-65c2ae184798,Blossom Bea Beige Bunny,MEDIUM,28.0,Returning to stock 2-3 months,2024/01/07 18:58:01,12,5
3fa015be-f78f-4ded-9e65-65c2ae184798,Blossom Bea Beige Bunny,SMALL,18.0,Returning to stock 2-3 months,2024/01/07 18:58:01,7,4
6e9d47b4-df15-46e6-813c-ea4531740a88,Bashful Lion with Personalised Cream Jumper,MEDIUM,38.0,Returning to stock 3-4 weeks,2024/01/07 18:58:03,12,5
fac94827-0b4e-4d4f-b2a3-8bdfa783a754,Bashful Lion with Personalised Navy Jumper,MEDIUM,38.0,Returning to stock 3-4 weeks,2024/01/07 18:58:05,12,5
1dba952c-0c17-4279-bd8f-ae9f17d2b291,Bashful Lion with Personalised Red Jumper,MEDIUM,38.0,Returning to stock 3-4 weeks,2024/01/07 18:58:07,12,5
a38ffa55-4bcc-4343-b850-0df8f32e6a4b,Little Pup,ONE SIZE,22.0,More on the way,2024/01/07 18:58:09,7,4
2c122084-6417-4d0e-9f6a-e502eec0d399,Cordy Roy Lion Activity Toy,ONE SIZE,30.0,Out of stock,2024/01/07 18:58:10,11,4
1b21c98d-07e5-4390-a345-133a2d938778,Sensational Seafood Sardine,ONE SIZE,12.0,More on the way,2024/01/07 18:58:12,1,6
feb8515f-5fe4-44ae-838e-e3c50154deb8,Yummy Tulip Pink Bunny,ONE SIZE,20.0,More on the way,2024/01/07 18:58:14,5,4
40a82305-a046-4028-995e-48efcf830d77,Bashful Fudge Puppy,MEDIUM,28.0,More on the way,2024/01/07 18:58:16,12,5
40a82305-a046-4028-995e-48efcf830d77,Bashful Fudge Puppy,SMALL,16.5,Out of stock,2024/01/07 18:58:16,7,4
952feb68-f93e-42d3-a38b-0f2e2a0b616f,Callie Cow,SMALL,25.0,Returning to stock 2-3 months,2024/01/07 18:58:17,8,4
f91ff074-4983-42ca-b7ba-0e38a6f5e9d2,Curvie Elephant,ONE SIZE,33.0,More on the way,2024/01/07 18:58:19,9,6
702d069f-11ac-4fd9-a1c3-b69f77f9a673,Curvie Pig,ONE SIZE,33.0,Returning to stock next week,2024/01/07 18:58:20,9,6
4171c2c9-ed87-41c5-addf-abc4dcc7cf8d,Fuddlewuddle Cat,MEDIUM,30.0,More on the way,2024/01/07 18:58:22,9,4
2b150edd-0a0b-414b-be74-c92c513da4de,Little Bear,ONE SIZE,22.0,More on the way,2024/01/07 18:58:24,7,4
9d8ad02e-dca4-4b7c-b5e1-97b38fad4c93,Crumble Fox,ONE SIZE,25.0,Out of stock,2024/01/07 18:58:25,11,5
7a2045f6-4676-4b82-8c2d-5f4b9845184e,Fuddlewuddle Dragon,HUGE,69.0,Out of stock,2024/01/07 18:58:27,17,9
7a2045f6-4676-4b82-8c2d-5f4b9845184e,Fuddlewuddle Dragon,MEDIUM,30.0,More on the way,2024/01/07 18:58:27,9,4
e93e661c-4ea6-41a5-8c74-98c833c84741,Little Bunny,ONE SIZE,22.0,More on the way,2024/01/07 18:58:29,7,4
9eec3442-68f0-4d18-95a8-c4e683d1b769,Little Lamb,ONE SIZE,22.0,More on the way,2024/01/07 18:58:31,7,4
37e0be62-9296-4fd8-afa4-bbd26e3f7457,Little Pig,ONE SIZE,22.0,More on the way,2024/01/07 18:58:32,7,4
7f50262f-19cb-4a8e-87f2-714d7ae3e3a8,Louie Lion,HUGE,120.0,Out of stock,2024/01/07 18:58:34,9,22
7f50262f-19cb-4a8e-87f2-714d7ae3e3a8,Louie Lion,LARGE,70.0,More on the way,2024/01/07 18:58:34,6,18
7f50262f-19cb-4a8e-87f2-714d7ae3e3a8,Louie Lion,LITTLE,32.5,More on the way,2024/01/07 18:58:34,3,11
52ab4075-ae79-4879-8839-e03e4f321d30,Bashful Stardust Bunny,MEDIUM,28.0,Returning to stock 2-3 months,2024/01/07 18:58:37,12,5
52ab4075-ae79-4879-8839-e03e4f321d30,Bashful Stardust Bunny,SMALL,18.0,Returning to stock 2-3 months,2024/01/07 18:58:37,7,4
c487a83e-253b-4581-be69-20ad14c0f3f2,Bashful Bunny Tulip Bag Charm,ONE SIZE,19.0,More on the way,2024/01/07 18:58:38,7,1
b5a54647-2fc3-45b3-81ca-fcf923872ac7,Dexter Dragon,MEDIUM,65.0,Returning to stock 2-3 months,2024/01/07 18:58:40,5,20
b5a54647-2fc3-45b3-81ca-fcf923872ac7,Dexter Dragon,LITTLE,32.5,Returning to stock 3-4 weeks,2024/01/07 18:58:40,3,12
1292f2b7-6bac-491a-9d93-e481bf29e1f4,Fluffy Crab,ONE SIZE,15.0,More on the way,2024/01/07 18:58:42,2,4
c7859a96-93f1-4f87-9015-b29c98679751,Fluffy Octopus,ONE SIZE,15.0,More on the way,2024/01/07 18:58:44,3,3
1f529477-764c-4b4b-b3cd-23a5d5ee3a7e,Fluffy Starfish,ONE SIZE,15.0,More on the way,2024/01/07 18:58:46,4,4
6a9300e5-7507-450c-a547-29b59a937d1e,Fluffy Whale,ONE SIZE,15.0,Returning to stock 2-3 months,2024/01/07 18:58:47,4,2
33f45b25-29d1-48e8-8345-2d6ffcb7cf73,If I Were A Lamb Book and Bashful Lamb,SMALL,31.5,Out of stock,2024/01/07 18:58:49,,
8c34aeb4-c4d7-472a-bed9-33aa9fb4f0af,Sheldon Shrimp,ONE SIZE,24.0,More on the way,2024/01/07 18:58:50,9,3
271fe9c7-26dd-4f0f-a138-0facad7f898d,Wally Whale,MEDIUM,32.5,More on the way,2024/01/07 18:58:52,6,14
271fe9c7-26dd-4f0f-a138-0facad7f898d,Wally Whale,SMALL,23.5,Out of stock,2024/01/07 18:58:52,6,8
271fe9c7-26dd-4f0f-a138-0facad7f898d,Wally Whale,TINY,13.5,Out of stock,2024/01/07 18:58:52,4,6
9c6fbdef-7ca4-4207-849f-c8a0800f6211,Herman Hermit,ONE SIZE,33.0,Returning to stock 3-4 weeks,2024/01/07 18:58:54,11,7
c562f0a5-fa72-4d33-a635-830c62c8c719,Perry Polar Bear,MEDIUM,27.5,Returning to stock 2-3 months,2024/01/07 18:58:56,10,6
c562f0a5-fa72-4d33-a635-830c62c8c719,Perry Polar Bear,SMALL,23.5,More on the way,2024/01/07 18:58:56,7,4
c562f0a5-fa72-4d33-a635-830c62c8c719,Perry Polar Bear,TINY,13.0,Out of stock,2024/01/07 18:58:56,5,2
a49f92ee-0d8e-44a9-bde0-7a2e024c1ce1,Percy Penguin,LARGE,40.0,More on the way,2024/01/07 18:58:58,14,6
a49f92ee-0d8e-44a9-bde0-7a2e024c1ce1,Percy Penguin,LITTLE,27.5,More on the way,2024/01/07 18:58:58,9,4
a49f92ee-0d8e-44a9-bde0-7a2e024c1ce1,Percy Penguin,TINY,18.0,More on the way,2024/01/07 18:58:58,6,3
f22a2a46-e025-42ab-9ed3-bc49fc0f4b3f,Smudge Rabbit,MEDIUM,35.0,More on the way,2024/01/07 18:59:00,5,9
7974b55d-5635-4770-be14-80c13382529b,Smudge Elephant 1 ,LARGE,75.0,More on the way,2024/01/07 18:59:01,22,9
a4a4be70-32ea-4d7f-a4d7-793678f48f02,Bashful Blush Bunny,HUGE,80.0,Out of stock,2024/01/07 18:59:04,20,8
a4a4be70-32ea-4d7f-a4d7-793678f48f02,Bashful Blush Bunny,MEDIUM,28.0,More on the way,2024/01/07 18:59:04,12,5
a4a4be70-32ea-4d7f-a4d7-793678f48f02,Bashful Blush Bunny,SMALL,18.0,More on the way,2024/01/07 18:59:04,7,4
9ce6dbee-5fc0-46c5-8528-f6ba9c924941,Bashful Giraffe,MEDIUM,28.0,More on the way,2024/01/07 18:59:06,12,5
9ce6dbee-5fc0-46c5-8528-f6ba9c924941,Bashful Giraffe,SMALL,18.0,Returning to stock 3-4 weeks,2024/01/07 18:59:06,7,4
89baddc2-226f-4857-ada4-de877a75201a,Bashful Lamb,MEDIUM,28.0,More on the way,2024/01/07 18:59:08,12,5
89baddc2-226f-4857-ada4-de877a75201a,Bashful Lamb,SMALL,18.0,More on the way,2024/01/07 18:59:08,7,4
032e42ab-f499-4763-ab4c-e86e74c93ace,Elephants Can't Fly Book,ONE SIZE,15.0,Returning to stock 3-4 weeks,2024/01/07 18:59:10,9,
5abf15c8-2e94-425c-89bf-2eaa7aec9b5d,Bashful Giraffe with Personalised Cream Jumper,MEDIUM,38.0,More on the way,2024/01/07 18:59:12,12,5
b6094a56-8434-4a10-ad9d-b074c28d680a,Bashful Giraffe with Personalised Navy Jumper,MEDIUM,38.0,More on the way,2024/01/07 18:59:13,12,5
584ac4a1-b5e2-4ae5-bf29-d9df423c8a4d,Bashful Giraffe with Personalised Red Jumper,MEDIUM,38.0,More on the way,2024/01/07 18:59:15,12,5
72089a93-02ce-4667-96bf-2682f69a66c1,Smudge Elephant 2 ,MEDIUM,35.0,More on the way,2024/01/07 18:59:17,9,5
471d6836-a4b9-4230-8207-ea799edee635,Bashful Bat,SMALL,18.0,More on the way,2024/01/07 18:59:18,7,4
bb41c1a5-1fc0-4d9a-8892-18947277936c,Fuddlewuddle Dino,MEDIUM,30.0,More on the way,2024/01/07 18:59:20,9,5
2854ac62-d6b5-4eef-8645-6b0923b50e20,Cordy Roy Baby Elephant Soother,ONE SIZE,23.0,Returning to stock next week,2024/01/07 18:59:22,9,7
988614be-53d2-4d4e-8a85-adc38b17b24c,Cordy Roy Baby Hare Soother,ONE SIZE,23.0,Returning to stock next week,2024/01/07 18:59:23,9,7
a21b15e0-0b99-4992-8ac6-3ca57a453ad3,My Mum and Me Book and Bashful Lamb,MEDIUM,43.0,Out of stock,2024/01/07 18:59:25,,
c234dc0c-adcb-4668-aa0d-0f64ba37738c,When I am Big Book and Bashful Cream Bunny,MEDIUM,43.0,Out of stock,2024/01/07 18:59:26,,
44dfd779-8100-40a7-8dbc-b8c9b53823ec,Bashful Silver Bunny Soother,ONE SIZE,25.0,More on the way,2024/01/07 18:59:28,13,13
92a82ab5-a0ee-4fc9-813a-ec1423b2f91a,Cordy Roy Fox Baby,ONE SIZE,25.0,Returning to stock next week,2024/01/07 18:59:29,13,4
4e1450df-061f-47dc-b321-9b73bea283f7,Bashful Kitty,MEDIUM,28.0,Returning to stock next week,2024/01/07 18:59:31,12,
4e1450df-061f-47dc-b321-9b73bea283f7,Bashful Kitty,SMALL,16.5,Out of stock,2024/01/07 18:59:31,7,
5059e79b-362b-4cf1-affe-de7fd3ce00a2,Odette Ostrich,LARGE,40.0,More on the way,2024/01/07 18:59:33,19,8
f5825ddd-1561-4a1f-a614-926d126f5d5b,Bashful Blue Bunny Grabber,ONE SIZE,15.0,Returning to stock 3-4 weeks,2024/01/07 18:59:34,7,3
52227f69-97a3-4b87-8a0f-3d68f981750e,Fuddlewuddle Lamb,MEDIUM,30.0,More on the way,2024/01/07 18:59:36,9,5
351cc32f-2e1d-4555-b090-8e6a63e0ae8f,Merryday Giraffe,MEDIUM,30.0,More on the way,2024/01/07 18:59:37,16,4
bef29b72-5002-48df-aeb7-f3191cd967f6,Peanut Penguin,LARGE,40.0,More on the way,2024/01/07 18:59:39,13,8
bef29b72-5002-48df-aeb7-f3191cd967f6,Peanut Penguin,MEDIUM,28.0,More on the way,2024/01/07 18:59:39,9,4
bef29b72-5002-48df-aeb7-f3191cd967f6,Peanut Penguin,SMALL,15.0,More on the way,2024/01/07 18:59:39,4,2
e40f5f14-2fda-408d-8853-5cf7f3a4882c,Fuddlewuddle Elephant,HUGE,69.0,Out of stock,2024/01/07 18:59:42,17,9
e40f5f14-2fda-408d-8853-5cf7f3a4882c,Fuddlewuddle Elephant,LARGE,40.0,Out of stock,2024/01/07 18:59:42,12,6
e40f5f14-2fda-408d-8853-5cf7f3a4882c,Fuddlewuddle Elephant,MEDIUM,30.0,More on the way,2024/01/07 18:59:42,9,5
e40f5f14-2fda-408d-8853-5cf7f3a4882c,Fuddlewuddle Elephant,TINY,15.0,Out of stock,2024/01/07 18:59:42,5,3
ea060797-ec3d-48a5-b8c6-e0f4994831ab,Cordy Roy Fox,MEDIUM,27.5,More on the way,2024/01/07 18:59:43,15,6
ea060797-ec3d-48a5-b8c6-e0f4994831ab,Cordy Roy Fox,SMALL,17.0,Out of stock,2024/01/07 18:59:43,10,4
ee81feaa-93c7-4f26-a5c9-32942e3102ea,Tumblie Sheep Dog,MEDIUM,30.0,Returning to stock 3-4 weeks,2024/01/07 18:59:45,5,14
1742312e-5124-4adb-addc-4bc6d4bd0cd4,Blossom Cream Bunny with Personalised Cream Jumper,MEDIUM,38.0,Returning to stock 3-4 weeks,2024/01/07 18:59:47,12,5
8dd3fc42-4c19-4d54-8999-de7b43c1ae3b,Bashful Beige Bunny Soother,ONE SIZE,25.0,More on the way,2024/01/07 18:59:48,13,13
c1b8f2a9-88c3-4d79-a1ce-bb948f4d274c,Bashful Blue Bunny Rattle,SMALL,15.0,Returning to stock 3-4 weeks,2024/01/07 18:59:50,7,4
224f5933-5ac6-4281-a7cb-81e8fbd2a964,Truffles Highland Cow,MEDIUM,33.0,Returning to stock 2-3 months,2024/01/07 18:59:51,9,14
a729f7af-9666-4ba0-98af-127cb0590c9c,Bashful Bunny Beige Spots A6 Note Book,ONE SIZE,3.0,Out of stock,2024/01/07 18:59:53,6,
3c1c1068-ca5f-430e-9492-0944f933745c,Otto the Loyal Long Dog Book and Otto Sausage Dog,LARGE,45.0,Out of stock,2024/01/07 18:59:55,,
