,jellycat_id,size,price,stock
0,0c8750d1-bcac-44a9-a697-84a2b56c78b6,"ONE SIZE - H7"" X W2""",$23.50 USD,In Stock
0,83d501b8-1bda-4780-972e-d65d5aa7661a,"MEDIUM - H12"" X W5""",$35.00 USD,In Stock
0,5ee83bbf-3b10-4916-b576-becce587e78d,"ONE SIZE - H5"" X W3""",$15.00 USD,In Stock
0,eb25afeb-5707-4044-86eb-e26a545f501c,"LARGE - H14"" X W6""",$37.50 USD,Out of stock
1,eb25afeb-5707-4044-86eb-e26a545f501c,"MEDIUM - H12"" X W5""",$27.50 USD,Returning to stock 2-3 months
2,eb25afeb-5707-4044-86eb-e26a545f501c,"SMALL - H7"" X W4""",$17.50 USD,Out of stock
0,658fbfe9-7ec5-4439-9da7-d83d80fcb3d5,"MEDIUM - H12"" X W5""",$37.50 USD,In Stock
0,3a954b9a-a184-4201-a147-2ebdf626f832,"MEDIUM - H12"" X W5""",$35.00 USD,In Stock
0,7dfb5d1b-2c06-4470-b372-7eb26d104ab0,"HUGE - H7"" X W26""",$116.00 USD,More on the way
0,0c9109b3-2fad-4bb1-bf26-389d76f30c8b,"ONE SIZE - H10"" X W6""",$35.00 USD,In Stock
0,c41e14a0-7fd7-4bf2-b097-bb9d953f3eec,"MEDIUM - H12"" X W5""",$37.50 USD,Returning to stock 2-3 months
0,68612e38-3a1a-4f24-8235-74790672f7ae,"ONE SIZE - H4"" X W2""",$15.00 USD,In Stock
0,9da7a0c7-82c1-438d-b301-ac9e85edd1bf,"ONE SIZE - H7"" X W3""",$15.00 USD,Returning to stock 3-4 weeks
0,f020283d-8e91-47c3-9f87-7060c24ad100,SMALL,$30.00 USD,Out of stock
0,8de2898c-0ebd-4d57-9ae3-8e2ba0e33587,"MEDIUM - H12"" X W5""",$31.00 USD,In Stock
0,37b792c5-2926-42f8-a2cb-921791b9dac8,"ONE SIZE - H4"" X W4""",$18.50 USD,More on the way
0,ff962de4-684f-4442-b208-51af6ccd9bac,MEDIUM,$42.50 USD,In Stock
0,cb7b744e-8271-4fb2-95de-f3364617b883,"ONE SIZE - H5"" X W10""",$27.50 USD,In Stock
0,b78cf467-f392-4a7d-a301-7561aa78f04d,"ONE SIZE - H19"" X W7""",$70.00 USD,In Stock
0,3c907829-a1e7-4c74-8062-5935472ead23,"MEDIUM - H5"" X W9""",$30.00 USD,In Stock
0,1bc6497a-69d5-4366-856a-ef5526192410,"MEDIUM - H12"" X W5""",$31.00 USD,In Stock
0,ae2c6203-71fa-4db2-8a13-5f4c698526cb,"ONE SIZE - H8"" X W8""",$15.00 USD,Returning to stock 2-3 months
0,a9d6c850-cdb9-4a6f-98b5-b69c70a351cb,"MEDIUM - H12"" X W5""",$35.00 USD,In Stock
0,10641be8-7675-46ee-be15-99069eda140c,"MEDIUM - H12"" X W5""",$35.00 USD,In Stock
0,6fd410a5-ea27-4a5c-8fbc-ee51b234dce6,"ONE SIZE - H6"" X W3""",$18.00 USD,In Stock
0,9ee3094a-98ce-4282-ba25-6659070bfef3,"MEDIUM - H12"" X W5""",$35.00 USD,In Stock
0,9a38d21f-e6f4-4e94-b320-bf8e143ff113,"ONE SIZE - H9"" X W20""",$68.50 USD,In Stock
0,aa61ec29-f019-4841-bf08-1d9c3cac6a5f,"HUGE - H20"" X W8""",$67.50 USD,Out of stock
1,aa61ec29-f019-4841-bf08-1d9c3cac6a5f,"LARGE - H14"" X W6""",$37.50 USD,Out of stock
2,aa61ec29-f019-4841-bf08-1d9c3cac6a5f,"MEDIUM - H12"" X W5""",$25.00 USD,In Stock
3,aa61ec29-f019-4841-bf08-1d9c3cac6a5f,"TINY - H5"" X W2""",$10.00 USD,Out of stock
0,72f968d4-44da-4b27-816f-a4bd583323f8,"ONE SIZE - H8"" X W6""",$28.50 USD,In Stock
0,aa865bd2-569a-4180-87c7-5eb8c8167f5c,"ONE SIZE - H4"" X W2""",$23.00 USD,In Stock
0,2c51f480-f2af-413c-898d-67409e43039b,"ONE SIZE - H6"" X W4""",$18.00 USD,More on the way
0,3cb32b6c-1ffa-4938-ba66-a683e5344186,"HUGE - H20"" X W8""",$85.00 USD,In Stock
1,3cb32b6c-1ffa-4938-ba66-a683e5344186,"MEDIUM - H12"" X W5""",$35.00 USD,In Stock
0,d1936424-da54-4b5e-bc8d-92fd6335d799,"HUGE - H20"" X W8""",$67.50 USD,Out of stock
1,d1936424-da54-4b5e-bc8d-92fd6335d799,"MEDIUM - H12"" X W5""",$25.00 USD,In Stock
2,d1936424-da54-4b5e-bc8d-92fd6335d799,"TINY - H5"" X W2""",$10.00 USD,Out of stock
0,254feee4-f955-4f7f-93a4-53654308d6e0,"ONE SIZE - H9"" X W6""",$42.00 USD,In Stock
0,0bff4ffe-f0d9-479e-aed4-f2486281972b,"ONE SIZE - H6"" X W10""",$32.50 USD,In Stock
0,94f05027-09b1-4c3c-8355-4a5fe9718182,"ONE SIZE - H13"" X W13""",$25.00 USD,In Stock
0,c2b181dc-7824-4fd3-a07f-e5625b7d5e71,"ONE SIZE - H4"" X W2""",$23.00 USD,More on the way
0,45d2e436-bf5e-41e4-aeb8-e6ead2afbd5c,"ONE SIZE - H9""",$15.00 USD,Returning to stock 2-3 months
0,8679ed8e-b94b-48bc-be2b-97afd30c8b95,"ONE SIZE - H3"" X W3""",$23.00 USD,Returning to stock 2-3 months
0,d067110a-ef02-4d3a-975f-af436a1a7aeb,"HUGE - H17"" X W9""",$75.00 USD,In Stock
1,d067110a-ef02-4d3a-975f-af436a1a7aeb,"MEDIUM - H9"" X W5""",$27.50 USD,More on the way
0,7ae39511-1e34-439b-91b0-afceb357bb86,"ONE SIZE - H8"" X W4""",$32.50 USD,In Stock
0,2daf98e4-e77d-445b-baf3-b132f78f25b5,"MEDIUM - H12"" X W5""",$35.00 USD,In Stock
0,061768d1-6691-45ca-971a-bb1dbf2acbd2,"ONE SIZE - H7"" X W4""",$27.50 USD,In Stock
0,c2761730-7516-4332-a3a1-2cbfaad39e53,LARGE,$42.50 USD,Out of stock
0,f3044abb-e9c2-4840-bbd4-59b87b67dfaa,"ONE SIZE - H6"" X W8""",$20.00 USD,More on the way
0,5769b5bb-e459-4cc8-9017-a42df5e2bb38,"REALLY BIG - H30"" X W12""",$110.00 USD,In Stock
1,5769b5bb-e459-4cc8-9017-a42df5e2bb38,"LARGE - H19"" X W7""",$50.00 USD,In Stock
2,5769b5bb-e459-4cc8-9017-a42df5e2bb38,"LITTLE - H9"" X W4""",$27.50 USD,Returning to stock 2-3 months
3,5769b5bb-e459-4cc8-9017-a42df5e2bb38,"TINY - H6"" X W3""",$16.50 USD,More on the way
0,7279cbbe-c7af-4a5c-a50a-9f81fda816a5,"ONE SIZE - H11"" X W4""",$30.00 USD,Out of stock
0,78878965-5684-49ab-8d69-95668d8a8082,"ONE SIZE - H5"" X W5""",$18.50 USD,In Stock
0,10581932-39ad-420f-bd70-32cc25530755,"ONE SIZE - H9"" X W9""",$15.00 USD,In Stock
0,eb47a6cf-3ca8-4199-b56f-6d27c1efd6e8,"ONE SIZE - H14"" X W4""",$30.00 USD,In Stock
0,bfcf5ba2-3adc-46af-856c-253aa9a8fd8d,"ONE SIZE - H8"" X W4""",$32.00 USD,In Stock
0,f2b210e0-1263-49ac-b7df-8d40c015f64c,"ONE SIZE - H8"" X W16""",$75.00 USD,In Stock
0,e426344a-bb90-42ea-b54a-adfec7144b0e,"ONE SIZE - H6"" X W6""",$13.50 USD,In Stock
0,8a094b13-5623-4995-a6d0-d83076686dce,"MEDIUM - H11"" X W5""",$35.00 USD,In Stock
0,1c406b7a-cd6e-40ea-8a08-52a4b8de552e,"MEDIUM - H12"" X W5""",$25.00 USD,More on the way
1,1c406b7a-cd6e-40ea-8a08-52a4b8de552e,"SMALL - H7"" X W4""",$16.50 USD,More on the way
0,f178af65-6599-4663-b35d-19fbcbae8dfa,"ONE SIZE - H4"" X W10""",$30.00 USD,Returning to stock 2-3 months
0,d31ff205-bb0f-4a57-9d4c-386018cd4998,"ONE SIZE - H9"" X W4""",$32.50 USD,In Stock
0,746b1ecf-199e-4827-a919-c61e3530f485,"ONE SIZE - H7"" X W5""",$25.00 USD,In Stock
0,4f511ca3-1093-431e-b238-5de782010bb7,"ONE SIZE - H7"" X W4""",$27.50 USD,More on the way
0,f7a93e3e-cfc2-48f3-8013-b28feba59246,"ONE SIZE - H4"" X W6""",$13.50 USD,In Stock
0,194855ab-cab0-4524-a627-4118f4c08802,"HUGE - H7"" X W26""",$110.00 USD,Out of stock
1,194855ab-cab0-4524-a627-4118f4c08802,"MEDIUM - H5"" X W20""",$55.00 USD,More on the way
2,194855ab-cab0-4524-a627-4118f4c08802,"LITTLE - H3"" X W12""",$28.50 USD,Returning to stock 3-4 weeks
0,69abbd48-ea71-4f34-a3f5-e0b5bb23696c,"ONE SIZE - H6"" X W6""",$13.50 USD,In Stock
0,823d2e55-6fcc-455c-98a8-ddbf45dc796a,"MEDIUM - H12"" X W5""",$35.00 USD,In Stock
0,4449c916-14cc-4b5b-988a-7d08f92d3fe4,"ONE SIZE - H17"" X W6""",$32.50 USD,In Stock
0,2c1d4cd4-9d46-48b1-89f1-ce63c653d57d,"MEDIUM - H12"" X W5""",$35.00 USD,More on the way
0,79f00be3-bb1e-4c92-97f1-8fd18381f039,"MEDIUM - H12"" X W5""",$35.00 USD,In Stock
0,2c623d10-c1f9-4fda-8708-c817ea41b783,"MEDIUM - H12"" X W5""",$35.00 USD,In Stock
0,c5202271-2251-4377-8d99-96c52082385c,"ONE SIZE - H4"" X W4""",$18.50 USD,In Stock
0,e895c6e4-ae83-4f02-a68d-000368980d4a,"HUGE - H17"" X W9""",$69.00 USD,Out of stock
1,e895c6e4-ae83-4f02-a68d-000368980d4a,"LARGE - H12"" X W6""",$40.00 USD,Out of stock
2,e895c6e4-ae83-4f02-a68d-000368980d4a,"MEDIUM - H9"" X W5""",$27.50 USD,More on the way
3,e895c6e4-ae83-4f02-a68d-000368980d4a,"TINY - H5"" X W3""",$15.00 USD,Out of stock
0,42474ae1-edaf-4126-8fd9-d4a3d72509e4,"ONE SIZE - H19"" X W6""",$40.00 USD,In Stock
0,f1115e40-3607-43f3-91d7-dfaf99580bd6,"MEDIUM - H13"" X W6""",$23.50 USD,In Stock
1,f1115e40-3607-43f3-91d7-dfaf99580bd6,"SMALL - H10"" X W5""",$17.50 USD,In Stock
0,da4c9469-d201-4f61-945a-9a2fd79b5314,"ONE SIZE - H4"" X W3""",$15.00 USD,In Stock
0,cacbe7f2-4cbd-4c23-8c6b-9b22c365e1d9,"ONE SIZE - H4"" X W2""",$12.50 USD,In Stock
0,674cad6d-af0b-459e-bf37-347b5d666cb2,"ONE SIZE - H11"" X W6""",$36.00 USD,In Stock
0,9893df2c-f304-4d62-b821-9a6485722206,"ONE SIZE - H9"" X W6""",$30.00 USD,Returning to stock 3-4 weeks
0,78879447-6085-4d24-b449-4b3900af729e,"ONE SIZE - H9"" X W9""",$15.00 USD,In Stock
0,f39d0058-8fce-46c9-99df-a1bc6e636837,"ONE SIZE - H8"" X W8""",$15.00 USD,In Stock
0,20a93dda-5820-4e6c-9f2b-2cdf914ee1c8,"MEDIUM - H12"" X W5""",$27.50 USD,In Stock
0,fe9083b0-658f-40b0-8b80-d4648b610db9,"ONE SIZE - H9"" X W4""",$28.00 USD,In Stock
0,2d2e680f-549b-432e-8ee3-ef45683eb767,"MEDIUM - H12"" X W5""",$35.00 USD,More on the way
0,c7c9238a-a63a-479b-9bd1-bb12eb62cca8,"ONE SIZE - H6"" X W3""",$17.50 USD,In Stock
0,bd20590d-bcc5-4a1f-97bf-e65acc5e3108,MEDIUM,$40.00 USD,In Stock
0,0ded1346-2be0-40d5-bc61-7b7d3155f6de,"ONE SIZE - H9"" X W4""",$30.00 USD,In Stock
0,eab4d8a4-8728-48e0-90e9-b5c599ff60d5,"LARGE - H19"" X W7""",$50.00 USD,More on the way
1,eab4d8a4-8728-48e0-90e9-b5c599ff60d5,"LITTLE - H9"" X W4""",$27.50 USD,Returning to stock 2-3 months
2,eab4d8a4-8728-48e0-90e9-b5c599ff60d5,"TINY - H6"" X W3""",$16.50 USD,More on the way
0,a56eac01-610f-4faf-8da0-ac9504ea5f37,"ONE SIZE - H7"" X W4""",$20.00 USD,In Stock
0,775ed139-4a7b-4526-a029-debff1bc41fd,"MEDIUM - H12"" X W5""",$35.00 USD,In Stock
0,bb11d805-58ab-4663-a06f-056321f9c8f2,"ONE SIZE - H4"" X W3""",$15.00 USD,More on the way
0,2d6a1093-86d7-44fe-b50e-0ab1bd2b2410,"ONE SIZE - H7"" X W7""",$15.00 USD,In Stock
0,ff7f906e-b582-47b1-b8ac-928dfefa9cbd,"MEDIUM - H12"" X W5""",$35.00 USD,In Stock
0,49e53737-1742-4a4f-bb10-cf42c521c5d3,"MEDIUM - H12"" X W5""",$35.00 USD,In Stock
0,d2e038d9-cfea-473c-b34f-3dc4c028274f,"ONE SIZE - H4"" X W4""",$12.50 USD,In Stock
0,f2c8d6fd-8ef9-477f-8836-0bfcbf0157d7,"ONE SIZE - H13"" X W13""",$31.00 USD,In Stock
0,14cf290d-6ef4-41a1-96cb-275fb6a43ec7,ONE SIZE,$47.50 USD,In Stock
0,9e0893df-fea7-4d20-a269-a70f814c4c27,"MEDIUM - H9"" X W5""",$32.50 USD,More on the way
0,c08ec1bb-8bcc-4688-82af-7540c8a5a07a,"ONE SIZE - H7"" X W4""",$20.00 USD,In Stock
0,b916f9a0-0eca-4076-a048-3f4a364dcd43,"MEDIUM - H12"" X W5""",$35.00 USD,In Stock
0,fb209538-474e-4b98-a27b-9fd982caeab8,"ONE SIZE - H7"" X W3""",$15.00 USD,Returning to stock 2-3 months
0,58f3fd6e-c3df-43de-92dd-2b8bb3e66bf7,"ONE SIZE - H5"" X W3""",$15.00 USD,In Stock
0,8c6117ca-f51a-4ba3-9aa4-c8d4d27c2354,"ONE SIZE - H10"" X W4""",$25.00 USD,In Stock
0,a4537127-1c57-4506-885e-95fd1bfb1c1c,"ONE SIZE - H2"" X W4""",$11.00 USD,Out of stock
0,3a21a43c-82b4-4c00-84b4-986cea213457,"ONE SIZE - H13"" X W13""",$25.00 USD,In Stock
0,8ef7f3d4-6b89-4dec-9c11-62fbf35808a1,"ONE SIZE - H4"" X W4""",$18.50 USD,In Stock
0,588bb32b-649d-48b9-9f41-9cd16ee42907,MEDIUM,$40.00 USD,In Stock
0,39d9af01-0c98-42c3-8e4c-6c2c79536ce5,"MEDIUM - H12"" X W5""",$35.00 USD,In Stock
0,fa49c36e-ef4c-48f6-81a0-65ddef708eec,SMALL,$30.00 USD,Out of stock
0,f0a2690d-278c-41eb-9ee1-1646598296ad,"ONE SIZE - H8"" X W4""",$23.50 USD,In Stock
0,01e7d69a-4f31-4a86-bc54-035ca30bef81,"ONE SIZE - H9"" X W5""",$32.50 USD,In Stock
0,1af077d5-7d3a-4f7f-9843-7a417241d25e,MEDIUM,$42.50 USD,In Stock
0,ccdccf39-4e00-498e-8ae8-1922aca9a0c5,"HUGE - H17"" X W9""",$77.00 USD,Out of stock
1,ccdccf39-4e00-498e-8ae8-1922aca9a0c5,"MEDIUM - H9"" X W4""",$27.50 USD,In Stock
0,a085f24b-89a0-41b1-9d53-78b605800dfb,"MEDIUM - H6"" X W5""",$35.00 USD,In Stock
1,a085f24b-89a0-41b1-9d53-78b605800dfb,"SMALL - H3"" X W2""",$15.00 USD,Returning to stock 2-3 months
0,33121f4a-1f2c-4c20-acb1-c1621ef9df48,"MEDIUM - H12"" X W5""",$25.00 USD,In Stock
1,33121f4a-1f2c-4c20-acb1-c1621ef9df48,"SMALL - H7"" X W4""",$16.50 USD,Out of stock
0,9baf49b9-1234-4265-8083-30a152818c9a,"ONE SIZE - H10"" X W6""",$32.50 USD,More on the way
0,e0a8c92b-9fc8-49ea-970e-a286f33d9f3f,"MEDIUM - H12"" X W5""",$37.50 USD,In Stock
0,e7de1fa2-ce09-4f55-9953-1a76c795ac3a,"MEDIUM - H12"" X W5""",$33.50 USD,In Stock
0,e356b22d-fcca-4360-9d90-b9e75bef6467,"ONE SIZE - H6"" X W3""",$20.00 USD,In Stock
0,9955cf26-5e14-41a2-948a-0fdc7efb1a64,"ONE SIZE - H7"" X W3""",$25.00 USD,In Stock
0,2abb5012-8224-449e-b096-7c1af0a2047e,"ONE SIZE - H7"" X W13""",$47.50 USD,In Stock
0,1917d825-f3e9-4f5a-8f3c-b0d38e4e2fbb,"ONE SIZE - H5"" X W6""",$17.50 USD,In Stock
0,e84c77fb-040e-4cdc-9c9a-d661665c8220,"ONE SIZE - H9"" X W3""",$32.50 USD,In Stock
0,c363a064-0ce5-494b-84f2-764b21333cb6,"MEDIUM - H12"" X W5""",$37.50 USD,In Stock
0,4773af28-b912-4faf-819b-9f2b18d6e666,"ONE SIZE - H3"" X W11""",$28.00 USD,In Stock
0,dc3992e1-0c78-4414-8301-2acb5c5db6ab,"ONE SIZE - H6"" X W6""",$13.50 USD,In Stock
0,8285042e-2196-4216-8d8e-d726c12d910e,"ONE SIZE - H7"" X W4""",$20.00 USD,More on the way
0,90b2d95b-1a4f-46b5-831b-16a59d6f809a,"ONE SIZE - H13"" X W2""",$32.50 USD,In Stock
0,f129a534-f726-4eca-b5c6-207a59680240,"MEDIUM - H12"" X W5""",$37.50 USD,In Stock
0,271d6a83-1600-4eab-9375-0e0e1ed2320d,SMALL,$30.00 USD,In Stock
0,3535f680-e463-4809-9e47-5034bad00522,"ONE SIZE - H3"" X W6""",$23.50 USD,In Stock
0,6132c087-e99f-47ff-bafd-917aa25a4b42,"MEDIUM - H12"" X W5""",$35.00 USD,In Stock
0,d51e1f68-f232-4ee3-b943-2eec158ebaa4,"MEDIUM - H12"" X W5""",$35.00 USD,In Stock
0,24d6a3a7-be54-4b16-9f68-7f8e0eb80141,"MEDIUM - H12"" X W5""",$35.00 USD,In Stock
0,162ec3b3-dc1b-4c9e-b7fd-8157401c4dc5,"MEDIUM - H14"" X W6""",$25.00 USD,Out of stock
1,162ec3b3-dc1b-4c9e-b7fd-8157401c4dc5,"SMALL - H9"" X W4""",$18.00 USD,Out of stock
0,fa2318eb-cdd0-48be-95ff-99bddb567e6a,"ONE SIZE - H12""",$15.00 USD,In Stock
0,1480bf07-9c67-4234-9b5a-95860e45ae7e,"MEDIUM - H12"" X W5""",$35.00 USD,In Stock
0,f20cafe6-76ff-485a-bf27-8682b05a0910,"LARGE - H5"" X W18""",$70.00 USD,In Stock
1,f20cafe6-76ff-485a-bf27-8682b05a0910,"LITTLE - H3"" X W11""",$32.50 USD,Out of stock
0,67945e34-f0a0-4f78-8906-abc97b453aca,"ONE SIZE - H11"" X W8""",$38.00 USD,Out of stock
0,ec294f0b-957d-40d7-8a79-662ba9f5c5f0,"MEDIUM - H12"" X W5""",$25.00 USD,Out of stock
1,ec294f0b-957d-40d7-8a79-662ba9f5c5f0,"SMALL - H7"" X W4""",$16.50 USD,In Stock
0,1b1c9999-9568-476d-a7f0-101614038e95,"ONE SIZE - H8"" X W20""",$70.00 USD,In Stock
0,2f842619-c271-4cbc-abbb-a349199b6287,"ONE SIZE - H11"" X W4""",$27.50 USD,In Stock
0,ceef2fe7-4cf6-48b3-b4c3-9f433b6fa55d,"MEDIUM - H12"" X W5""",$37.50 USD,In Stock
0,4c80165f-c73e-4c8c-8c09-61857380dce7,"LARGE - H7"" X W7""",$27.50 USD,Out of stock
1,4c80165f-c73e-4c8c-8c09-61857380dce7,"SMALL - H5"" X W7""",$20.00 USD,In Stock
0,b6e93d1f-e643-45c5-8eff-b2071e0d98bb,"MEDIUM - H12"" X W5""",$27.50 USD,In Stock
0,84d5e47c-6277-4968-95ce-0c966017ab09,"HUGE - H7"" X W26""",$110.00 USD,More on the way
1,84d5e47c-6277-4968-95ce-0c966017ab09,"MEDIUM - H5"" X W20""",$55.00 USD,More on the way
2,84d5e47c-6277-4968-95ce-0c966017ab09,"LITTLE - H3"" X W12""",$28.50 USD,Out of stock
0,c8fac88b-2910-462d-93d4-6aac4244281b,MEDIUM,$40.00 USD,In Stock
0,cfc5e7da-7b38-4514-abce-9ea3176cb989,"ONE SIZE - H8"" X W4""",$28.50 USD,In Stock
0,f9636a65-ef77-47ca-ac6c-f56100a02094,"MEDIUM - H10"" X W7""",$37.50 USD,In Stock
0,ac3a3973-f913-4ed3-88a6-d59532ae3b5f,"ONE SIZE - H7"" X W4""",$20.00 USD,More on the way
0,cb5cf724-8744-4ea3-91c1-1a511ee0f452,"MEDIUM - H12"" X W5""",$25.00 USD,In Stock
1,cb5cf724-8744-4ea3-91c1-1a511ee0f452,"SMALL - H7"" X W4""",$16.50 USD,In Stock
0,81b6a3e8-bbdd-493c-9c52-55a3c7d682f0,"ONE SIZE - H9"" X W6""",$30.00 USD,In Stock
0,718c9588-821b-4a0d-a290-fd99eae730cc,"ONE SIZE - H7"" X W7""",$40.00 USD,In Stock
0,5cbe3b4a-dc67-420a-9196-cc4be9170719,"LARGE - H14"" X W6""",$37.50 USD,Out of stock
1,5cbe3b4a-dc67-420a-9196-cc4be9170719,"MEDIUM - H12"" X W5""",$27.50 USD,In Stock
2,5cbe3b4a-dc67-420a-9196-cc4be9170719,"SMALL - H7"" X W4""",$17.50 USD,In Stock
0,c2d76554-7064-475d-b34e-b58cc6e0602f,"MEDIUM - H12"" X W5""",$35.00 USD,In Stock
0,2a91ddec-6d39-4513-b02d-d8d24847903d,"ONE SIZE - H4"" X W6""",$23.50 USD,In Stock
0,19392333-4de0-4309-b50f-42b52825ae7f,"HUGE - H20"" X W10""",$100.00 USD,Out of stock
1,19392333-4de0-4309-b50f-42b52825ae7f,"LARGE - H15"" X W8""",$57.50 USD,Returning to stock 3-4 weeks
2,19392333-4de0-4309-b50f-42b52825ae7f,"MEDIUM - H11"" X W6""",$32.50 USD,In Stock
3,19392333-4de0-4309-b50f-42b52825ae7f,"TINY - H5"" X W3""",$13.00 USD,Out of stock
0,ac685f08-9186-4600-8333-433e6726256a,"MEDIUM - H10"" X W5""",$35.00 USD,In Stock
1,ac685f08-9186-4600-8333-433e6726256a,"SMALL - H3"" X W2""",$15.00 USD,Returning to stock 2-3 months
0,29a3a8bb-f5cb-499d-96c5-5bf5e630ee8b,"VERY BIG - H43"" X W18""",$275.00 USD,In Stock
1,29a3a8bb-f5cb-499d-96c5-5bf5e630ee8b,"REALLY BIG - H26"" X W12""",$125.00 USD,In Stock
2,29a3a8bb-f5cb-499d-96c5-5bf5e630ee8b,"MEDIUM - H12"" X W5""",$27.50 USD,In Stock
3,29a3a8bb-f5cb-499d-96c5-5bf5e630ee8b,"SMALL - H7"" X W4""",$17.50 USD,Out of stock
0,a5073748-2add-4be7-ad5d-a3b53edae477,"ONE SIZE - H11"" X W10""",$40.00 USD,In Stock
0,403e6e99-11e3-444c-adee-061346baeb59,"ONE SIZE - H4"" X W6""",$35.00 USD,Returning to stock next week
0,5e6cf9de-0c0e-4573-b632-7434dd0ed2f5,"LARGE - H14"" X W8""",$50.00 USD,In Stock
0,f09506dc-75c2-4c4c-be5f-b6b7922f61b8,"REALLY BIG - H9"" X W29""",$175.00 USD,In Stock
1,f09506dc-75c2-4c4c-be5f-b6b7922f61b8,"LARGE - H5"" X W18""",$70.00 USD,Out of stock
0,d84b57b3-939b-47e5-9fc6-0c1b29fafd7e,"ONE SIZE - H11"" X W4""",$37.50 USD,In Stock
0,468dc6ab-a3dc-4f99-8af7-1c6eb1208801,"SMALL - H3"" X W14""",$27.50 USD,In Stock
0,253c751a-e078-44de-9b4b-a87095897d52,"ONE SIZE - H4"" X W4""",$18.50 USD,Returning to stock 2-3 months
0,e4a8cd61-a99e-448a-80cb-491ac1926f08,"ONE SIZE - H6"" X W4""",$18.00 USD,More on the way
0,bf7e9381-7075-4253-acf9-b3a6c249c683,"MEDIUM - H12"" X W5""",$25.00 USD,In Stock
0,3f058f75-0d1a-498c-afb9-a0643fd755e8,"ONE SIZE - H5"" X W6""",$23.50 USD,In Stock
0,c357f016-1c8b-44e2-ba76-28e8e6d518e9,"ONE SIZE - H11"" X W3""",$25.00 USD,In Stock
0,74638d35-b441-4ecb-997f-6637c3ea8a6e,"ONE SIZE - H12"" X W6""",$50.00 USD,In Stock
0,ec6786a0-b6e7-4e42-a05d-e0a641ecbaf2,"ONE SIZE - H9"" X W4""",$28.00 USD,In Stock
0,bd39776b-da61-4114-9138-db63370c142c,"REALLY BIG - H30"" X W12""",$110.00 USD,In Stock
1,bd39776b-da61-4114-9138-db63370c142c,"LARGE - H19"" X W7""",$50.00 USD,In Stock
2,bd39776b-da61-4114-9138-db63370c142c,"LITTLE - H9"" X W4""",$27.50 USD,Returning to stock 2-3 months
3,bd39776b-da61-4114-9138-db63370c142c,"TINY - H6"" X W3""",$16.50 USD,Returning to stock 2-3 months
0,37b3972b-d634-4d49-9218-7c28d6504ba3,"MEDIUM - H9"" X W5""",$27.50 USD,More on the way
0,c8fece9c-5077-4b0b-875c-924f8b9eb655,"ONE SIZE - H6"" X W3""",$32.50 USD,In Stock
0,11973fc9-fc0d-4f54-882f-622db99e20c8,"ONE SIZE - H3"" X W5""",$15.00 USD,More on the way
0,0407086b-89f7-4bc2-8542-b2ffd77a97dc,"ONE SIZE - H11"" X W5""",$32.50 USD,In Stock
0,231dd555-c7d9-43b6-b314-fab2955a3602,"ONE SIZE - H11"" X W7""",$30.00 USD,Returning to stock 2-3 months
0,aaddad17-3a09-4a97-8ea2-54bb1afde348,"ONE SIZE - H5"" X W4""",$18.00 USD,More on the way
0,25e35e02-8015-4c60-8ebc-f0aff3bd141a,"SMALL - H7"" X W4""",$15.00 USD,In Stock
0,45d2fdf8-20c6-4360-a93d-d4352cd2b9e3,"BIG - H6"" X W17""",$75.00 USD,More on the way
0,34f56591-6f0c-41b9-a4eb-6daf96cc3b69,"MEDIUM - H12"" X W5""",$35.00 USD,In Stock
0,bef81fb3-7925-45b0-8527-7266832dab85,"ONE SIZE - H5"" X W6""",$17.50 USD,In Stock
0,da55ca4a-5309-42a2-af81-746d77d97fa6,"ONE SIZE - H6"" X W9""",$40.00 USD,In Stock
0,68509a89-f43d-4ca9-ae85-30ad28e61b38,"MEDIUM - H15"" X W6""",$27.50 USD,More on the way
1,68509a89-f43d-4ca9-ae85-30ad28e61b38,"SMALL - H10"" X W4""",$17.00 USD,Out of stock
0,681fd873-aa54-40a2-999e-2ad050a58cad,"ONE SIZE - H5"" X W3""",$25.00 USD,More on the way
0,bd742606-e26b-4127-8854-5ec185783cfc,"MEDIUM - H12"" X W5""",$25.00 USD,In Stock
1,bd742606-e26b-4127-8854-5ec185783cfc,"SMALL - H7"" X W4""",$16.50 USD,Returning to stock 3-4 weeks
0,314b8e39-e2c4-4e38-b7c9-96fe761f4f3d,"HUGE - H20"" X W8""",$70.00 USD,In Stock
1,314b8e39-e2c4-4e38-b7c9-96fe761f4f3d,"MEDIUM - H12"" X W5""",$25.00 USD,More on the way
2,314b8e39-e2c4-4e38-b7c9-96fe761f4f3d,"SMALL - H7"" X W4""",$16.50 USD,Out of stock
0,0a971d45-d3e9-45dd-92b4-2c6a698f93d9,"ONE SIZE - H13"" X W13""",$31.00 USD,In Stock
0,04c8fc09-c485-4112-8428-6d301d4cddaa,"MEDIUM - H12"" X W5""",$25.00 USD,In Stock
0,818a1c32-6435-4198-8ebd-6c2f19e8df82,"HUGE - H20"" X W8""",$73.50 USD,In Stock
0,265b254d-aeef-4e1c-b2a4-5707eb594711,"ONE SIZE - H9"" X W4""",$30.00 USD,In Stock
0,7d0971c0-6d05-476b-b62f-066eb2c1f76f,"ONE SIZE - H8"" X W8""",$15.00 USD,In Stock
0,18f66767-6545-4b26-a737-a092c395ccd6,"ONE SIZE - H7"" X W22""",$70.00 USD,In Stock
0,aa50cbbc-8834-4759-9ceb-3236545fae08,"ONE SIZE - H8"" X W9""",$43.00 USD,Returning to stock in 3-4 days
0,27d93365-0a65-4388-87c6-ed9294b20158,"MEDIUM - H12"" X W5""",$35.00 USD,In Stock
0,ebbc563f-9a51-4b3a-9546-4707dd97884c,"ONE SIZE - H7"" X W6""",$32.50 USD,In Stock
0,5d77cebe-4ba1-4b30-837c-c58b8b98b18d,"ONE SIZE - H5"" X W14""",$30.00 USD,More on the way
0,6e8c4052-3b1a-4818-a01e-6baf8397ba77,"HUGE - H7"" X W26""",$110.00 USD,More on the way
1,6e8c4052-3b1a-4818-a01e-6baf8397ba77,"MEDIUM - H5"" X W20""",$55.00 USD,More on the way
2,6e8c4052-3b1a-4818-a01e-6baf8397ba77,"LITTLE - H3"" X W12""",$28.50 USD,Out of stock
0,b8b5b638-87c0-4ff6-9c3d-361a999f4639,"ONE SIZE - H11"" X W7""",$20.00 USD,In Stock
0,2b0b5e5c-cb90-4f68-b44b-71de44f81e93,"MEDIUM - H12"" X W5""",$37.50 USD,In Stock
0,004b99d9-b0ae-49db-a887-f4569afe970c,"ONE SIZE - H3"" X W3""",$11.00 USD,More on the way
0,74f539f9-03f4-47ef-924f-f2c66b15c717,"MEDIUM - H12"" X W5""",$35.00 USD,In Stock
0,bb8654a8-9117-4b8e-892d-5af6b21c17c0,"ONE SIZE - H8"" X W8""",$15.00 USD,In Stock
0,eea57246-9ccc-4c28-8201-2fc9ee4baa69,"MEDIUM - H12"" X W5""",$25.00 USD,More on the way
1,eea57246-9ccc-4c28-8201-2fc9ee4baa69,"SMALL - H7"" X W4""",$16.50 USD,More on the way
0,9801e7be-4155-4156-b6ca-f05a970314d7,"MEDIUM - H16"" X W4""",$22.50 USD,More on the way
0,cd026286-fded-4cb8-a259-780c79da9f8b,"ONE SIZE - H17"" X W5""",$60.00 USD,In Stock
0,5496fe92-2ab7-42ea-a7d8-04a9b3b46fea,"ONE SIZE - H7"" X W4""",$27.50 USD,In Stock
0,98697005-c72a-41e3-b1d9-2ab0f3a3d51f,"MEDIUM - H12"" X W5""",$35.00 USD,In Stock
0,96799283-13d3-4a26-94c4-1f707fdbdeb4,"ONE SIZE - H7"" X W9""",$15.00 USD,In Stock
0,31fb5242-affe-48da-9ceb-72bae81a9c8f,"ONE SIZE - H7"" X W22""",$68.00 USD,In Stock
0,51d18fb1-a03b-474d-a64f-fc1b01c00a57,"ONE SIZE - H10"" X W4""",$27.50 USD,In Stock
0,01a9a70e-504d-4998-a26c-2898f3944d85,"MEDIUM - H12"" X W5""",$35.00 USD,In Stock
0,c0f75525-021b-414d-a7be-0f1bde12ba98,"MEDIUM - H12"" X W5""",$37.50 USD,In Stock
0,fa9ad3f4-0a25-47a5-9ac8-33e7c936a5e4,"ONE SIZE - H8"" X W5""",$18.50 USD,Returning to stock 3-4 weeks
0,9186ab77-d459-47d6-87d6-88dbecf04b4a,"ONE SIZE - H8"" X W4""",$25.00 USD,In Stock
0,b957baa9-8061-48e9-a0d6-33d5a446b877,"ONE SIZE - H10"" X W6""",$32.50 USD,In Stock
0,ac4e94dc-dd48-4e7b-86e7-0bf9f6e73a74,"HUGE - H7"" X W26""",$116.00 USD,In Stock
0,e9d7966d-65bb-4756-87f0-e6c12553a308,"ONE SIZE - H5"" X W2""",$17.50 USD,In Stock
0,5b60799c-91dd-42a2-9024-cb622ff3db83,"MEDIUM - H12"" X W5""",$35.00 USD,In Stock
0,0cbbb2a2-b47e-462b-8970-9266964a0587,"ONE SIZE - H8"" X W8""",$15.00 USD,In Stock
0,badce9ae-43ee-4b12-b416-6992010c420e,MEDIUM,$42.50 USD,In Stock
0,115f5847-62f1-49be-9aeb-26c85edc1530,"ONE SIZE - H6"" X W3""",$32.50 USD,In Stock
0,f7821d20-97d1-4dce-ae86-36d2b69c8d6f,"REALLY BIG - H17"" X W22""",$175.00 USD,In Stock
1,f7821d20-97d1-4dce-ae86-36d2b69c8d6f,"HUGE - H13"" X W16""",$115.00 USD,In Stock
2,f7821d20-97d1-4dce-ae86-36d2b69c8d6f,"SMALL - H4"" X W6""",$18.50 USD,In Stock
0,d5212ad3-bb0f-464a-9e74-1018bfe5d9be,"MEDIUM - H12"" X W5""",$35.00 USD,In Stock
0,829971a0-eabb-4b3a-a920-072115d217e5,"MEDIUM - H12"" X W5""",$27.50 USD,In Stock
1,829971a0-eabb-4b3a-a920-072115d217e5,"SMALL - H7"" X W4""",$17.50 USD,More on the way
0,74e13a99-5961-4021-a3d0-2cb0c71a9862,"ONE SIZE - H6"" X W9""",$28.50 USD,In Stock
0,aec678b0-6d21-43b0-bb65-d33fae13f479,"ONE SIZE - H7"" X W1""",$15.00 USD,More on the way
0,303fed21-ef34-40de-9546-84829cef7920,"ONE SIZE - H7"" X W4""",$20.00 USD,Out of stock
0,3ba11636-7d64-4093-8a88-559d1c2492dd,"MEDIUM - H12"" X W5""",$35.00 USD,In Stock
0,b26a68e0-f2cc-4c00-a10f-855630680785,"MEDIUM - H12"" X W5""",$35.00 USD,In Stock
0,5e026dd7-d209-4567-afde-ea32f8e8dd0a,"ONE SIZE - H13"" X W13""",$31.00 USD,In Stock
0,e0c40eee-dc59-4331-b563-a3e8c0d409c0,"ONE SIZE - H7"" X W4""",$27.50 USD,In Stock
0,47534fdf-0081-4667-b6cc-c54731ecff0e,"ONE SIZE - H6"" X W4""",$28.00 USD,In Stock
0,8c23e0cb-34e7-4bab-bee5-11d83032bc8e,"MEDIUM - H12"" X W5""",$31.00 USD,In Stock
0,a0903e6e-14ff-4475-add3-9b3bcd922535,"MEDIUM - H12"" X W5""",$31.00 USD,In Stock
0,9fe82736-1458-405f-bce5-001aebe22c24,"MEDIUM - H12"" X W5""",$37.50 USD,In Stock
0,c20dc88c-ee0a-4cfd-a643-d3da0692fde4,"ONE SIZE - H5"" X W4""",$20.00 USD,In Stock
0,e6bec919-ae10-4f8a-984f-8953dd056ebe,"ONE SIZE - H4"" X W5""",$35.00 USD,Out of stock
0,e3269c39-2fec-4e1a-bd37-fae669454458,"MEDIUM - H9"" X W5""",$32.50 USD,In Stock
0,fd259460-47f3-467d-8327-c5490eaaec4d,"ONE SIZE - H7"" X W7""",$15.00 USD,In Stock
0,6b1bd06e-4319-4cb9-b315-235907013d9c,"ONE SIZE - H22"" X W6""",$40.00 USD,In Stock
0,282b7dc2-a615-4220-93b8-989b20e400db,"LARGE - H15"" X W5""",$45.00 USD,In Stock
1,282b7dc2-a615-4220-93b8-989b20e400db,"MEDIUM - H11"" X W4""",$27.50 USD,In Stock
0,67d84288-bc60-4cfa-b3d9-c93c24cd16e6,"ONE SIZE - H7"" X W4""",$20.00 USD,More on the way
0,7f2ce82f-f341-4032-a9d7-5b8381d3e8ed,"ONE SIZE - H4"" X W4""",$11.00 USD,More on the way
0,339cde82-5aed-4baa-adf2-2a9ba8b52653,"TINY - H5"" X W2""",$15.00 USD,In Stock
0,917abde2-28c3-4942-be21-dd428189ad70,"MEDIUM - H12"" X W5""",$35.00 USD,In Stock
0,5563005e-1f68-435b-8e09-f9f87d7d1c6e,"ONE SIZE - H6"" X W3""",$18.00 USD,Returning to stock next week
0,23ef1c80-d7b8-42d2-9004-5ee1f89ed88c,"ONE SIZE - H9"" X W3""",$22.50 USD,In Stock
0,6f995038-a067-4bd5-8416-5747668e7bc2,"ONE SIZE - H13"" X W13""",$25.00 USD,In Stock
0,57118e7b-7d0f-42e8-93b0-6c273b6bd9f1,"MEDIUM - H12"" X W5""",$37.50 USD,In Stock
0,befb0230-85b5-4633-b8e8-5d946e2210f0,"ONE SIZE - H6"" X W2""",$20.00 USD,In Stock
0,df6580ce-cc89-461b-bf60-099d97da454f,"ONE SIZE - H10"" X W4""",$28.50 USD,In Stock
0,88daec77-74b6-4556-a10a-41d18d170438,"MEDIUM - H12"" X W5""",$35.00 USD,In Stock
0,b462ba1a-3f00-48fa-a5c8-5b4c05bb8890,"ONE SIZE - H9"" X W8""",$30.00 USD,In Stock
0,a1c9106e-3758-4de6-a075-33b19145a516,"ONE SIZE - H3"" X W15""",$28.50 USD,In Stock
0,1158ab3f-ab96-4bfa-af77-576d849dfd36,"MEDIUM - H12"" X W5""",$35.00 USD,In Stock
0,493576b3-d6b0-432e-97bc-d6617ad038de,"HUGE - H20"" X W8""",$73.50 USD,In Stock
0,d97515e3-c7fa-4d49-91c9-a1c32c31d764,"ONE SIZE - H5"" X W3""",$17.50 USD,In Stock
0,7c7139a0-8da0-4b61-90d8-8c919affd497,"ONE SIZE - H4"" X W3""",$15.00 USD,More on the way
0,46c4f657-5ecf-4c9b-9dfd-bb28fabb3ea5,"MEDIUM - H16"" X W3""",$30.00 USD,In Stock
1,46c4f657-5ecf-4c9b-9dfd-bb28fabb3ea5,"SMALL - H13"" X W2""",$23.50 USD,Out of stock
0,486518f8-8b11-4f89-bf3f-776591732ffe,"ONE SIZE - H6"" X W3""",$32.50 USD,In Stock
0,d25fac9e-52ce-425b-9bf9-873f18763ea3,"MEDIUM - H12"" X W5""",$35.00 USD,In Stock
0,03d9b43c-174d-4c99-897e-34942d0662e7,"MEDIUM - H12"" X W5""",$41.00 USD,In Stock
0,ea280df9-67cd-4364-a221-09fdbadbc1cb,"ONE SIZE - H9"" X W6""",$30.00 USD,In Stock
0,da7afbfa-7211-4cad-aa6e-67a6f512f21d,"ONE SIZE - H11"" X W5""",$25.00 USD,Out of stock
0,8fe63260-4f5a-407d-89d5-fe9f5ae8d654,"ONE SIZE - H7"" X W7""",$15.00 USD,In Stock
0,82990da6-1778-4dd4-ad4c-5daed65392d0,"MEDIUM - H11"" X W5""",$25.00 USD,In Stock
0,d6ac5e20-7332-478c-98cb-0830bb1f6c5e,"REALLY BIG - H22"" X W13""",$115.00 USD,In Stock
1,d6ac5e20-7332-478c-98cb-0830bb1f6c5e,"HUGE - H19"" X W7""",$50.00 USD,In Stock
2,d6ac5e20-7332-478c-98cb-0830bb1f6c5e,"LARGE - H14"" X W7""",$35.00 USD,In Stock
3,d6ac5e20-7332-478c-98cb-0830bb1f6c5e,"MEDIUM - H11"" X W5""",$25.00 USD,In Stock
4,d6ac5e20-7332-478c-98cb-0830bb1f6c5e,"TINY - H6"" X W3""",$18.50 USD,In Stock
0,33d44fef-f993-4ed2-a57d-219ccb994876,"MEDIUM - H12"" X W5""",$31.00 USD,In Stock
0,fcaa7beb-823b-4136-9c78-6c896057c043,"ONE SIZE - H11"" X W9""",$17.00 USD,In Stock
0,24e24d6e-85a5-4503-bd5e-663f021815fb,"MEDIUM - H12"" X W5""",$35.00 USD,In Stock
0,b534aec6-35b6-4bdf-a0c0-fb46765ea53f,"ONE SIZE - H7"" X W22""",$68.00 USD,In Stock
0,375d63c0-9018-411a-8efb-28c52ceaa5ee,"HUGE - H9"" X W22""",$120.00 USD,Out of stock
1,375d63c0-9018-411a-8efb-28c52ceaa5ee,"LARGE - H6"" X W18""",$70.00 USD,More on the way
2,375d63c0-9018-411a-8efb-28c52ceaa5ee,"LITTLE - H3"" X W11""",$32.50 USD,More on the way
0,8f0bda1d-bb48-4b01-813d-a9160b560240,"SMALL - H9"" X W4""",$22.50 USD,In Stock
0,e215e302-8b77-4fa4-a802-4b471185feae,"ONE SIZE - H9"" X W4""",$28.50 USD,In Stock
0,9a607680-16a2-4c4c-8f73-b2a2f9527a37,"MEDIUM - H12"" X W5""",$37.50 USD,In Stock
0,204aec7f-59df-4a1d-b98b-4f30ce46f218,"ONE SIZE - H7"" X W7""",$32.50 USD,More on the way
0,c3644207-31a3-4174-812f-ddc997e1cf18,"ONE SIZE - H13"" X W4""",$20.00 USD,Returning to stock 3-4 weeks
0,66b90d9d-baea-4f9e-9565-d3c982208e50,"ONE SIZE - H9"" X W8""",$32.50 USD,In Stock
0,c0423020-ff9a-4750-91c2-a5d515f24e30,"ONE SIZE - H10"" X W6""",$35.00 USD,In Stock
0,ebea059d-c87d-4527-bada-73337e389033,"MEDIUM - H11"" X W5""",$32.50 USD,In Stock
1,ebea059d-c87d-4527-bada-73337e389033,"SMALL - H7"" X W2""",$18.50 USD,Out of stock
0,e1e629b6-80c2-43b8-9cb8-ea580914ced1,"ONE SIZE - H6"" X W7""",$35.00 USD,Returning to stock 2-3 months
0,bd76439b-6a8f-45cd-903c-6f01216d4559,"MEDIUM - H12"" X W5""",$35.00 USD,In Stock
0,952e6ec9-c6d9-4e38-91af-7e1a25ad1d65,"MEDIUM - H12"" X W5""",$31.00 USD,In Stock
0,4b5a3aea-d381-4014-81c1-8cd319219375,"ONE SIZE - H4"" X W10""",$28.50 USD,In Stock
0,daa5e4a0-8e0c-4367-8911-07620ba3f1cc,"ONE SIZE - H40"" X W30""",$45.00 USD,In Stock
0,66c831b6-c5cb-40a6-b6f4-06f99e1e45c1,"MEDIUM - H12"" X W5""",$31.00 USD,In Stock
0,15b55502-824d-42b9-9000-8ada5399de6c,"MEDIUM - H11"" X W5""",$35.00 USD,In Stock
0,e77f81d9-ba27-48fd-851c-7e12e03a5eb6,"ONE SIZE - H6"" X W3""",$17.50 USD,In Stock
0,b55f83e2-27eb-4adf-850a-7e11791c90e8,"ONE SIZE - H40"" X W30""",$45.00 USD,In Stock
0,a566ea01-b289-46ae-a8ad-00f3b786a450,"ONE SIZE - H10"" X W9""",$17.00 USD,In Stock
0,046762b1-fc62-446d-9c58-ab4ff08b647b,"SMALL - H7"" X W4""",$15.00 USD,Returning to stock 2-3 months
0,a3545ca5-8ec6-4862-8580-d5090121e214,"ONE SIZE - H12"" X W4""",$32.50 USD,In Stock
0,f2a22a95-7f6b-4f12-9a12-61c77d60a9ac,"HUGE - H20"" X W8""",$67.50 USD,Out of stock
1,f2a22a95-7f6b-4f12-9a12-61c77d60a9ac,"LARGE - H14"" X W6""",$37.50 USD,In Stock
2,f2a22a95-7f6b-4f12-9a12-61c77d60a9ac,"MEDIUM - H12"" X W5""",$27.50 USD,In Stock
3,f2a22a95-7f6b-4f12-9a12-61c77d60a9ac,"SMALL - H7"" X W4""",$17.50 USD,In Stock
4,f2a22a95-7f6b-4f12-9a12-61c77d60a9ac,"TINY - H5""",$10.00 USD,Out of stock
0,a0a79d5c-50c9-47f1-a0e2-a0a82f0edfd4,"MEDIUM - H12"" X W5""",$35.00 USD,In Stock
0,31835613-3668-457f-838e-b6148f5d9371,"ONE SIZE - H13"" X W12""",$60.00 USD,In Stock
0,c2aefc17-067c-449f-ac9b-c8fef678321a,"ONE SIZE - H7"" X W3""",$15.00 USD,In Stock
0,b1422740-3af3-4512-bf8b-b81e66f03b33,"MEDIUM - H11"" X W4""",$30.00 USD,More on the way
1,b1422740-3af3-4512-bf8b-b81e66f03b33,"SMALL - H8"" X W3""",$17.50 USD,More on the way
0,5788885d-ae54-46c5-9e50-4666608194ac,"HUGE - H20"" X W8""",$85.00 USD,In Stock
1,5788885d-ae54-46c5-9e50-4666608194ac,"MEDIUM - H12"" X W5""",$35.00 USD,In Stock
0,c769337f-a3bd-4db5-9ac6-e4d340d4c491,"MEDIUM - H12"" X W5""",$37.50 USD,In Stock
0,aba7aceb-6d19-451b-97f2-0d4b3e6ea526,"MEDIUM - H12"" X W5""",$35.00 USD,In Stock
0,e2d69786-017b-4e3d-8441-fef45a1ad9a8,"MEDIUM - H12"" X W5""",$37.50 USD,In Stock
0,31c32f75-d02e-40c8-8a46-6ba5f3d6926f,"HUGE - H23"" X W7""",$60.00 USD,In Stock
0,b487eded-37e1-4a1e-a329-ec6ee97affaa,"MEDIUM - H12"" X W5""",$31.00 USD,In Stock
0,08137704-9b38-4887-a6dd-61f471baaaa8,"ONE SIZE - H8"" X W13""",$30.00 USD,In Stock
0,2864f708-821b-4482-9b9c-c8d62f567ba8,"ONE SIZE - H5"" X W6""",$17.50 USD,In Stock
0,4906122f-0a1d-4b5d-a5f0-0e9dbbca3d25,"ONE SIZE - H16"" X W4""",$30.00 USD,In Stock
0,36d71649-af45-408c-ba7c-7c1a1f853dc9,"MEDIUM - H12"" X W5""",$35.00 USD,More on the way
0,d16fa50a-cb6e-4a86-aa4f-6f3f3f005f93,"ONE SIZE - H5"" X W3""",$17.50 USD,Out of stock
0,21416fa0-0bfa-4f69-b3ec-3f9b8c26dfd8,"MEDIUM - H12"" X W5""",$35.00 USD,In Stock
0,5d596ea0-e70d-42ad-800f-8d4db5ab1a72,"ONE SIZE - H17"" X W6""",$75.00 USD,In Stock
0,b60fe518-da7a-4b80-a962-5c10ba67342b,"ONE SIZE - H9"" X W7""",$17.00 USD,Returning to stock 2-3 months
0,0491ff71-f908-40a4-8fe2-20ea3ea901ba,"ONE SIZE - H7"" X W6""",$27.50 USD,In Stock
0,080e1fbb-8ad2-4810-a83b-be6cfc6994a4,"ONE SIZE - H7"" X W2""",$15.00 USD,More on the way
0,2faa4cbf-c539-4bec-99eb-7fb25882ad1d,"MEDIUM - H11"" X W4""",$25.00 USD,More on the way
1,2faa4cbf-c539-4bec-99eb-7fb25882ad1d,"SMALL - H7"" X W2""",$20.00 USD,In Stock
0,a684bb4d-0891-4003-a703-e35411da4043,ONE SIZE,$42.50 USD,In Stock
0,ee255a36-949d-42f7-93a2-f73845b5b0b4,"HUGE - H23"" X W9""",$99.00 USD,Out of stock
1,ee255a36-949d-42f7-93a2-f73845b5b0b4,"LARGE - H20"" X W7""",$50.00 USD,In Stock
2,ee255a36-949d-42f7-93a2-f73845b5b0b4,"MEDIUM - H15"" X W6""",$37.50 USD,In Stock
3,ee255a36-949d-42f7-93a2-f73845b5b0b4,"SMALL - H11"" X W4""",$23.50 USD,More on the way
0,02726bab-4231-4a67-8259-af42ed15f135,"ONE SIZE - H9"" X W4""",$35.00 USD,In Stock
0,40e37042-2d14-4922-86fb-e5e3e5725b29,"REALLY BIG - H26"" X W12""",$125.00 USD,Out of stock
1,40e37042-2d14-4922-86fb-e5e3e5725b29,"HUGE - H20"" X W8""",$70.00 USD,Out of stock
2,40e37042-2d14-4922-86fb-e5e3e5725b29,"MEDIUM - H12"" X W5""",$27.50 USD,Returning to stock 2-3 months
0,d99ef990-47cd-4b7b-b29e-3dd402ee0809,"ONE SIZE - H9"" X W5""",$35.00 USD,In Stock
0,e4a55b6c-c00d-4e2c-9bb1-cc6e8f2486f5,"ONE SIZE - H8"" X W6""",$28.50 USD,In Stock
0,11b379f5-4660-4b18-a81a-202237944e75,"MEDIUM - H12"" X W5""",$37.50 USD,In Stock
0,9cca2bd7-31dc-474c-8af6-dda978d7fba3,"ONE SIZE - H5"" X W3""",$15.00 USD,In Stock
0,2f50f6ae-602c-41ab-b02d-85c079313f9b,"MEDIUM - H12"" X W5""",$35.00 USD,In Stock
0,f02cebde-1f32-4516-a191-259ecfbafdb4,"MEDIUM - H5"" X W14""",$30.00 USD,More on the way
0,e7bc047d-e5ac-4906-b474-6fcd7affc21f,"MEDIUM - H12"" X W5""",$35.00 USD,In Stock
0,17dd467f-fe1b-4a64-828a-78b3e3e4fe67,"ONE SIZE - H23"" X W6""",$39.50 USD,In Stock
0,8ced0ee6-d92b-499d-987e-55721aa06f55,"ONE SIZE - H4"" X W2""",$11.00 USD,More on the way
0,732bb681-c1e3-4037-a3db-f7be305c6c2c,"HUGE - H20"" X W8""",$70.00 USD,In Stock
1,732bb681-c1e3-4037-a3db-f7be305c6c2c,"MEDIUM - H12"" X W5""",$27.50 USD,In Stock
2,732bb681-c1e3-4037-a3db-f7be305c6c2c,"SMALL - H7"" X W4""",$17.50 USD,In Stock
0,ab3775d4-f873-4d04-bf43-3a1474570fbb,"ONE SIZE - H10"" X W7""",$37.50 USD,In Stock
0,195d1dca-0dca-421b-9872-7c6ed4efc3aa,"ONE SIZE - H8"" X W5""",$32.50 USD,In Stock
0,a7d0cba8-5665-431c-8029-5f62ef417382,"ONE SIZE - H6"" X W3""",$17.50 USD,In Stock
0,e7e6c859-7204-425f-9736-74a7fc2e3431,"ONE SIZE - H15"" X W9""",$55.00 USD,In Stock
0,9848fb38-0edb-41ae-b2c3-37cf26029175,"ONE SIZE - H9"" X W25""",$80.00 USD,In Stock
0,621559ee-29e4-4484-86e7-28012fadded4,"MEDIUM - H12"" X W5""",$35.00 USD,More on the way
0,f1fa2a4e-89de-41c9-b037-bf385b49a518,"MEDIUM - H12"" X W5""",$37.50 USD,Returning to stock 2-3 months
0,76118c6f-d56b-447b-a6fd-10fbcb119aa3,"MEDIUM - H12"" X W5""",$35.00 USD,In Stock
0,72ff5603-2a53-4dcc-ade5-97923a47c219,"MEDIUM - H12"" X W5""",$37.50 USD,Returning to stock 2-3 months
0,cc859644-2504-40c2-9761-0a2d44dcaf04,"MEDIUM - H12"" X W5""",$25.00 USD,More on the way
1,cc859644-2504-40c2-9761-0a2d44dcaf04,"SMALL - H7"" X W4""",$16.50 USD,More on the way
0,9dca6ef9-4c33-49cf-8cc6-d319915d8a23,"ONE SIZE - H19"" X W7""",$70.00 USD,In Stock
0,9bbb3490-8638-456f-ae8a-3cb9caef2b25,"ONE SIZE - H7"" X W5""",$27.50 USD,In Stock
0,5ab3dff5-2c75-4a29-895c-b4bb10deec58,"ONE SIZE - H7"" X W4""",$42.50 USD,In Stock
0,ceec41e1-3363-4188-82ce-0ae5f6d27140,"ONE SIZE - H13"" X W13""",$60.00 USD,In Stock
0,976ebefb-e5b4-4eb8-a45f-4a68b2d3b098,"ONE SIZE - H7"" X W2""",$15.00 USD,Out of stock
0,28ff2323-0b75-4eba-a900-abee36c749c3,"MEDIUM - H12"" X W5""",$25.00 USD,In Stock
1,28ff2323-0b75-4eba-a900-abee36c749c3,"SMALL - H7"" X W4""",$16.50 USD,Out of stock
0,854d6d02-e13e-48b1-b0c4-fd49c73f945f,"ONE SIZE - H13"" X W13""",$25.00 USD,More on the way
0,681b3c16-0b32-41fa-b722-cbf502f76b39,"MEDIUM - H12"" X W5""",$31.00 USD,In Stock
0,ebd81ee6-57ac-4f27-84bf-c11783d03044,"MEDIUM - H12"" X W5""",$35.00 USD,In Stock
0,208a4301-e1aa-4a68-bb11-287587e65b4f,"MEDIUM - H12"" X W5""",$37.50 USD,In Stock
0,0feae461-b6d9-4711-9caa-7fa869c70266,"MEDIUM - H12"" X W5""",$37.50 USD,In Stock
0,928bc044-3906-4d18-b8f5-dd4620a226eb,"MEDIUM - H12"" X W5""",$37.50 USD,In Stock
0,a6aabdbd-0b4c-4a53-8a27-17da980962cd,"MEDIUM - H12"" X W5""",$35.00 USD,In Stock
0,216925cb-afaa-49e5-9d86-d566cc249f08,"ONE SIZE - H6"" X W6""",$13.50 USD,In Stock
0,a27382dd-d82d-4551-8ab4-baa7bf414721,SMALL,$30.00 USD,Returning to stock 2-3 months
0,b0cc2d4b-7d70-411a-9fad-11c2316628f1,"MEDIUM - H12"" X W5""",$35.00 USD,In Stock
0,6de5b9e7-f5f6-4515-9b7e-625291fca69b,"ONE SIZE - H6"" X W2""",$20.00 USD,In Stock
0,9bbd3792-5cd5-4cd7-b6d5-7aeb63c45438,"VERY BIG - H43"" X W18""",$275.00 USD,In Stock
1,9bbd3792-5cd5-4cd7-b6d5-7aeb63c45438,"REALLY BIG - H26"" X W12""",$125.00 USD,In Stock
2,9bbd3792-5cd5-4cd7-b6d5-7aeb63c45438,"HUGE - H20"" X W8""",$70.00 USD,In Stock
3,9bbd3792-5cd5-4cd7-b6d5-7aeb63c45438,"MEDIUM - H12"" X W5""",$25.00 USD,In Stock
4,9bbd3792-5cd5-4cd7-b6d5-7aeb63c45438,"SMALL - H7"" X W4""",$16.50 USD,Out of stock
0,07eb2653-2684-4ed9-bb52-4a2d9b1174cc,"HUGE - H20"" X W8""",$67.50 USD,Out of stock
1,07eb2653-2684-4ed9-bb52-4a2d9b1174cc,"MEDIUM - H12"" X W5""",$25.00 USD,Returning to stock 3-4 weeks
2,07eb2653-2684-4ed9-bb52-4a2d9b1174cc,"SMALL - H7"" X W4""",$16.50 USD,Returning to stock next week
0,27a2dd78-4890-49de-b966-9ff051787025,"VERY BIG - H43"" X W18""",$180.00 USD,In Stock
1,27a2dd78-4890-49de-b966-9ff051787025,"REALLY BIG - H26"" X W12""",$100.00 USD,In Stock
2,27a2dd78-4890-49de-b966-9ff051787025,"HUGE - H20"" X W8""",$67.50 USD,In Stock
3,27a2dd78-4890-49de-b966-9ff051787025,"LARGE - H14"" X W6""",$37.50 USD,In Stock
4,27a2dd78-4890-49de-b966-9ff051787025,"MEDIUM - H12"" X W5""",$25.00 USD,In Stock
5,27a2dd78-4890-49de-b966-9ff051787025,"SMALL - H7"" X W4""",$16.50 USD,In Stock
6,27a2dd78-4890-49de-b966-9ff051787025,"TINY - H5"" X W2""",$10.00 USD,Out of stock
0,39632781-2413-4d66-bd0a-31b4b6f0041d,"MEDIUM - H11"" X W6""",$35.00 USD,In Stock
1,39632781-2413-4d66-bd0a-31b4b6f0041d,"SMALL - H5"" X W3""",$15.00 USD,Returning to stock 2-3 months
0,046ea493-a45e-4269-91d4-81ee9f71f4ad,"ONE SIZE - H15"" X W6""",$40.00 USD,In Stock
0,c55ffc69-41ab-4d4b-b318-37e62f939591,"ONE SIZE - H6"" X W3""",$23.50 USD,In Stock
0,5f9e3569-4bee-409a-9b09-63dc26e2fdc8,"ONE SIZE - H9"" X W6""",$42.00 USD,In Stock
0,7398a976-d4d2-4b0c-9a91-192fae8d7e7c,"ONE SIZE - H6"" X W6""",$20.00 USD,In Stock
0,58a8aa09-ce44-4b97-9e96-07f2a204ad86,"ONE SIZE - H4"" X W3""",$15.00 USD,In Stock
0,2a9089e9-9cec-4e93-b84b-fb5c156fc6e7,"ONE SIZE - H9"" X W9""",$15.00 USD,In Stock
0,817f2707-763f-4024-9f1f-a5a52b9870a1,"MEDIUM - H10"" X W6""",$27.50 USD,More on the way
1,817f2707-763f-4024-9f1f-a5a52b9870a1,"SMALL - H7"" X W4""",$23.50 USD,More on the way
2,817f2707-763f-4024-9f1f-a5a52b9870a1,"TINY - H5"" X W2""",$13.00 USD,Out of stock
0,f8b69868-d76d-4343-adde-3599d939c731,"ONE SIZE - H7"" X W7""",$15.00 USD,In Stock
0,1b5745f0-8ea5-4370-9219-c57a68e36c1d,"MEDIUM - H12"" X W5""",$35.00 USD,More on the way
0,c59ef775-c678-4823-9152-3d7202657f68,"MEDIUM - H12"" X W5""",$41.00 USD,In Stock
0,bf241307-02bb-4f4f-b09b-206a788bfcc9,"ONE SIZE - H6"" X W4""",$18.00 USD,Returning to stock next week
0,24eca285-aec4-4149-9b2c-d58de5325685,"LARGE - H10"" X W12""",$60.00 USD,In Stock
1,24eca285-aec4-4149-9b2c-d58de5325685,"MEDIUM - H5"" X W7""",$25.00 USD,More on the way
0,0d7f437d-ef2c-4d47-a3a6-e4f675013a69,"ONE SIZE - H6"" X W5""",$32.00 USD,In Stock
0,6d0a0a26-e021-45d4-999b-619e8ea14a9d,"LARGE - H13"" X W8""",$30.00 USD,More on the way
1,6d0a0a26-e021-45d4-999b-619e8ea14a9d,"MEDIUM - H9"" X W4""",$18.50 USD,More on the way
2,6d0a0a26-e021-45d4-999b-619e8ea14a9d,"SMALL - H4"" X W2""",$12.00 USD,More on the way
0,e6ee1b69-8d2b-4d5c-910c-f53ba2897aba,"ONE SIZE - H9"" X W5""",$25.00 USD,In Stock
0,a47cb9ec-c971-4e3d-aaf2-14366457f4d6,"ONE SIZE - H8"" X W8""",$15.00 USD,In Stock
0,7a62fa5a-c157-48c6-83e2-f9cbb692ae84,"ONE SIZE - H10"" X W5""",$30.00 USD,In Stock
0,0856ab61-01aa-4924-87b5-b10a446e1e13,"MEDIUM - H12"" X W5""",$35.00 USD,In Stock
0,d2596cc8-ee41-4eec-aeef-87e8205813ab,"MEDIUM - H12"" X W5""",$27.50 USD,More on the way
1,d2596cc8-ee41-4eec-aeef-87e8205813ab,"SMALL - H7"" X W4""",$17.50 USD,Out of stock
0,66e524e6-188f-4fe7-87ff-e18ced32060b,"MEDIUM - H12"" X W5""",$25.00 USD,In Stock
1,66e524e6-188f-4fe7-87ff-e18ced32060b,"SMALL - H7"" X W4""",$16.50 USD,In Stock
0,937ff4b8-7e5e-4578-819c-b4df854095e9,"ONE SIZE - H7"" X W4""",$20.00 USD,More on the way
0,85b806d8-30a4-474e-bddf-2cc4c76e6cad,"ONE SIZE - H5"" X W3""",$17.50 USD,In Stock
0,0d5a82a7-57d4-40d6-af28-ab57f0476412,"MEDIUM - H12"" X W5""",$25.00 USD,In Stock
1,0d5a82a7-57d4-40d6-af28-ab57f0476412,"SMALL - H7"" X W4""",$16.50 USD,Out of stock
0,dca64174-6d79-4fa4-8bf3-01a15ff5cb4f,"MEDIUM - H12"" X W5""",$31.00 USD,In Stock
0,aaf68ee3-afbc-4af2-979c-ab81aad8023e,"ONE SIZE - H6"" X W8""",$32.50 USD,In Stock
0,09395375-c222-413e-bdd1-35f3940a1aac,MEDIUM,$40.00 USD,In Stock
0,48a1b07c-975a-432c-ac7a-d72e1eb5193f,"MEDIUM - H12"" X W5""",$35.00 USD,In Stock
0,cbad63a4-2ea1-4c27-85c0-d77f27ca6f6a,"MEDIUM - H12"" X W5""",$25.00 USD,In Stock
1,cbad63a4-2ea1-4c27-85c0-d77f27ca6f6a,"SMALL - H7"" X W4""",$16.50 USD,Out of stock
0,d90f6954-a4a8-4706-8be0-f081ae165697,"ONE SIZE - H9"" X W4""",$25.00 USD,In Stock
0,cdd4ccf3-6cd0-404b-a655-106db08b1119,"MEDIUM - H10"" X W5""",$25.00 USD,More on the way
0,1b6c21d3-e31f-49d1-86a0-366f62c9f445,"ONE SIZE - H4"" X W4""",$18.50 USD,In Stock
0,6278fff5-4bc3-4c94-9714-de9911a5aca9,"HUGE - H13"" X W13""",$75.00 USD,In Stock
1,6278fff5-4bc3-4c94-9714-de9911a5aca9,"MEDIUM - H7"" X W10""",$30.00 USD,In Stock
0,693fd7e8-ecb8-4e07-b3d7-4a3a26c43968,"ONE SIZE - H8"" X W5""",$32.50 USD,Out of stock
0,c625cb62-05ad-4447-82bf-42054475ca34,"ONE SIZE - H15"" X W4""",$30.00 USD,In Stock
0,19d2e274-660d-4e20-a05d-5d89011e2158,"MEDIUM - H12"" X W5""",$31.00 USD,In Stock
0,84ed5cc7-6784-47e7-8eb2-cb1ae75d6957,"ONE SIZE - H9"" X W4""",$28.50 USD,More on the way
0,4579d9c3-be7e-4465-a20f-c68e79ba027c,"ONE SIZE - H7"" X W1""",$15.00 USD,More on the way
0,84774cb6-424e-446d-8e0e-87ebb3bb58ee,"MEDIUM - H11"" X W5""",$35.00 USD,In Stock
0,8e8681d3-4b7f-4d9d-b3ad-7fcdb4e192d4,"MEDIUM - H12"" X W5""",$25.00 USD,Out of stock
1,8e8681d3-4b7f-4d9d-b3ad-7fcdb4e192d4,"SMALL - H7"" X W4""",$16.50 USD,In Stock
0,fd91c72a-ab96-4068-8492-6d09a7517115,"ONE SIZE - H4"" X W3""",$15.00 USD,In Stock
0,17dae0e0-a057-4cff-8422-fd8e3683b9e0,"ONE SIZE - H5"" X W14""",$30.00 USD,Returning to stock 2-3 months
0,d6418427-13f0-4337-a453-a16321e39eef,"ONE SIZE - H9"" X W4""",$28.50 USD,More on the way
0,d7a80b63-1f65-4dd4-ad11-ae529c2c6cce,"ONE SIZE - H9"" X W5""",$40.00 USD,Returning to stock 3-4 weeks
0,1ad480ae-a42c-43ed-8339-25f3bb837bea,"MEDIUM - H12"" X W5""",$37.50 USD,In Stock
0,cd18a51b-c38d-4bb2-b3c2-b2920c3f9896,"MEDIUM - H12"" X W5""",$25.00 USD,In Stock
1,cd18a51b-c38d-4bb2-b3c2-b2920c3f9896,"SMALL - H7"" X W4""",$16.50 USD,Out of stock
0,9b9a4a28-eddb-4798-b447-f1d3d4922a19,"MEDIUM - H12"" X W5""",$35.00 USD,In Stock
0,bb8c01e2-f943-418d-b4cb-1d4ef7d0ce84,"MEDIUM - H12"" X W5""",$35.00 USD,In Stock
0,4ceb38e9-8e8e-45c4-b234-429fde5232e2,"ONE SIZE - H7"" X W4""",$20.00 USD,More on the way
0,23b3ffe5-0cd7-4ab1-b8a8-a51aa80f1426,"ONE SIZE - H40"" X W30""",$45.00 USD,In Stock
0,391c38c4-e6bf-4e79-81fe-38c1f1690468,"ONE SIZE - H6"" X W3""",$24.00 USD,In Stock
0,ed4930e1-f523-4ad4-a621-ffac86616750,"LARGE - H14"" X W6""",$40.00 USD,In Stock
1,ed4930e1-f523-4ad4-a621-ffac86616750,"LITTLE - H9"" X W4""",$27.50 USD,In Stock
2,ed4930e1-f523-4ad4-a621-ffac86616750,"TINY - H6"" X W3""",$15.00 USD,Out of stock
0,fdfcfbf0-5a32-49c7-83fe-ba1603a4b9bd,"ONE SIZE - H13"" X W13""",$31.00 USD,In Stock
0,61cb1ed7-fc68-422d-b22b-525b72cc6a62,"MEDIUM - H5"" X W20""",$55.00 USD,More on the way
1,61cb1ed7-fc68-422d-b22b-525b72cc6a62,"LITTLE - H3"" X W12""",$28.50 USD,More on the way
0,f1d3026b-0742-4deb-99d7-3b88398ef4ec,"ONE SIZE - H10"" X W2""",$32.50 USD,In Stock
0,157a85e1-2520-40c4-a144-a97a3b8f9844,"HUGE - H20"" X W8""",$91.00 USD,In Stock
0,c5efb07a-3e8f-4e70-9cda-5298b894f2ce,"ONE SIZE - H7"" X W4""",$32.50 USD,In Stock
0,42374080-d9c6-4429-9442-515af0743e8a,"HUGE - H17"" X W9""",$69.00 USD,Out of stock
1,42374080-d9c6-4429-9442-515af0743e8a,"LARGE - H12"" X W6""",$40.00 USD,Out of stock
2,42374080-d9c6-4429-9442-515af0743e8a,"MEDIUM - H9"" X W5""",$27.50 USD,In Stock
0,f2b08d27-1566-470e-ba81-c3af36f715ed,"MEDIUM - H12"" X W5""",$35.00 USD,In Stock
0,22f09c78-8444-4885-a2b7-af703740fe74,"ONE SIZE - H19"" X W6""",$75.00 USD,In Stock
0,f84b9fa1-4620-49f9-80f4-c44e2db89adc,"ONE SIZE - H9"" X W5""",$35.00 USD,In Stock
0,7bad6685-d2ee-42f9-bcaa-d0bfc77d0761,"ONE SIZE - H6"" X W5""",$35.00 USD,In Stock
0,6422e157-54e7-40da-b3a9-a9066a7e54a0,"LARGE - H14"" X W4""",$50.00 USD,In Stock
0,c53bed2a-ebf6-4501-92e7-8ef57d506650,"ONE SIZE - H11"" X W3""",$25.00 USD,In Stock
0,f1804685-954b-4ff9-a3a6-81310da975f3,"ONE SIZE - H4"" X W4""",$18.50 USD,Returning to stock 2-3 months
0,243cd48c-86fa-48d5-9843-f528e91da8b8,"HUGE - H20"" X W8""",$67.50 USD,Out of stock
1,243cd48c-86fa-48d5-9843-f528e91da8b8,"MEDIUM - H12"" X W5""",$25.00 USD,Out of stock
2,243cd48c-86fa-48d5-9843-f528e91da8b8,"SMALL - H7"" X W4""",$16.50 USD,In Stock
0,0898f8d5-bd78-4eba-93d9-095aaad37f50,"MEDIUM - H12"" X W5""",$27.50 USD,In Stock
1,0898f8d5-bd78-4eba-93d9-095aaad37f50,"SMALL - H7"" X W4""",$17.50 USD,More on the way
0,37a57abf-a0cb-4562-8b64-0ab6fa28d079,"MEDIUM - H12"" X W5""",$35.00 USD,In Stock
0,6db5ece1-e718-4c6f-b961-b6cc1a06d159,"ONE SIZE - H8"" X W8""",$15.00 USD,In Stock
0,70976223-e052-4bfe-8720-989ced6dccc1,"HUGE - H8"" X W31""",$90.00 USD,In Stock
1,70976223-e052-4bfe-8720-989ced6dccc1,"LARGE - H7"" X W20""",$50.00 USD,In Stock
0,169ebbc2-11d1-48af-8a25-e0b904c134af,"MEDIUM - H12"" X W5""",$35.00 USD,In Stock
0,d4597260-2a9a-4da2-b9a3-9b9872329620,"ONE SIZE - H5"" X W2""",$20.00 USD,In Stock
0,20dd8ee4-f06f-446d-90e5-2fbd73552831,"LARGE - H19"" X W8""",$35.00 USD,More on the way
0,561eded9-4365-4d29-8207-5aec64941875,"MEDIUM - H12"" X W5""",$37.50 USD,In Stock
0,fc1ceb6f-3e67-43ca-984e-f98d26796189,"ONE SIZE - H7"" X W7""",$15.00 USD,Returning to stock 2-3 months
0,0d389590-9267-4be2-851c-25564751387f,"MEDIUM - H12"" X W5""",$35.00 USD,More on the way
0,27609ced-dc6e-4546-a67a-b51244905324,"ONE SIZE - H13"" X W13""",$25.00 USD,In Stock
0,7fe375eb-f2a0-42a5-afe3-89f703681916,"HUGE - H7"" X W26""",$116.00 USD,More on the way
0,08accb62-3b40-4828-83a4-69a7f5ad7f4e,"ONE SIZE - H7"" X W4""",$23.50 USD,In Stock
0,e25d881a-9876-49a9-9fa4-4936f5a27090,"VERY BIG - H43"" X W18""",$275.00 USD,In Stock
1,e25d881a-9876-49a9-9fa4-4936f5a27090,"MEDIUM - H12"" X W5""",$25.00 USD,In Stock
2,e25d881a-9876-49a9-9fa4-4936f5a27090,"SMALL - H7"" X W4""",$16.50 USD,In Stock
0,69d089a1-8db7-4ab6-a423-0aeb007277c9,"MEDIUM - H12"" X W5""",$35.00 USD,In Stock
0,f367a7b1-9ed9-4f93-920e-c17b0350cd36,"ONE SIZE - H9"" X W5""",$25.00 USD,In Stock
0,5db2c09f-d109-41d4-9ee4-ecff7b52572e,"MEDIUM - H10"" X W5""",$30.00 USD,In Stock
0,82b251ff-0340-4fe7-a910-e9c727d9f1bb,"ONE SIZE - H7"" X W4""",$20.00 USD,More on the way
0,da0cd3ce-79a0-4e15-b21f-284242df40e6,"ONE SIZE - H9"" X W4""",$28.50 USD,In Stock
0,a9132411-d5a8-4218-bc0d-808e6d7e5b31,"MEDIUM - H12"" X W5""",$25.00 USD,More on the way
1,a9132411-d5a8-4218-bc0d-808e6d7e5b31,"SMALL - H7"" X W4""",$16.50 USD,Out of stock
0,96fe8084-cf27-4bbb-8dd5-09f3f2598cbe,"ONE SIZE - H8"" X W4""",$23.50 USD,In Stock
0,171f591c-114a-477a-acd1-2261e866d9a9,"ONE SIZE - H13"" X W2""",$35.00 USD,In Stock
0,3b86f210-a900-48a0-80a2-031524635c7a,"ONE SIZE - H4"" X W3""",$15.00 USD,More on the way
0,3fd8138e-3ac0-43fe-80cd-d4dfe1ef6bb8,"MEDIUM - H12"" X W5""",$37.50 USD,In Stock
0,8b1b44db-37ca-4d86-80b3-bc8856ee28db,"VERY BIG - H43"" X W18""",$180.00 USD,In Stock
1,8b1b44db-37ca-4d86-80b3-bc8856ee28db,"REALLY BIG - H26"" X W11""",$100.00 USD,In Stock
2,8b1b44db-37ca-4d86-80b3-bc8856ee28db,"HUGE - H20"" X W8""",$67.50 USD,In Stock
3,8b1b44db-37ca-4d86-80b3-bc8856ee28db,"LARGE - H14"" X W6""",$37.50 USD,Out of stock
4,8b1b44db-37ca-4d86-80b3-bc8856ee28db,"MEDIUM - H12"" X W5""",$25.00 USD,In Stock
5,8b1b44db-37ca-4d86-80b3-bc8856ee28db,"SMALL - H7"" X W4""",$16.50 USD,In Stock
0,ad01c207-ca35-4248-8523-fb02a5caee3e,"ONE SIZE - H9"" X W8""",$30.00 USD,More on the way
0,86297e8e-7bbd-47cf-a295-07f9b7798393,"ONE SIZE - H9"" X W5""",$18.50 USD,More on the way
0,609cf555-44da-4ccd-a01e-cb7e8c791ff7,"ONE SIZE - H11"" X W6""",$40.00 USD,In Stock
0,8b75bf65-ad97-4adb-ac38-fcce1744f267,"ONE SIZE - H11"" X W25""",$150.00 USD,In Stock
0,beaa1414-0c4d-41fa-ac82-60db16f79265,"MEDIUM - H12"" X W5""",$25.00 USD,In Stock
1,beaa1414-0c4d-41fa-ac82-60db16f79265,"SMALL - H7"" X W4""",$16.50 USD,Returning to stock 2-3 months
0,753fc438-c864-40f3-a86f-d0775b8d0b9e,"LARGE - H8"" X W13""",$30.00 USD,In Stock
0,ddb70506-41a7-4315-92af-f239b8c72cee,"MEDIUM - H11"" X W5""",$32.50 USD,In Stock
1,ddb70506-41a7-4315-92af-f239b8c72cee,"SMALL - H7"" X W2""",$18.50 USD,In Stock
0,3b77ab15-6149-4121-82a4-3b345429a910,"ONE SIZE - H7"" X W5""",$25.00 USD,In Stock
0,eacb2220-bc4f-4dc2-ab53-7a24b4dd6a01,"ONE SIZE - H10"" X W6""",$42.00 USD,In Stock
0,ba8d9281-2828-4532-b4d1-20897e295a6a,"MEDIUM - H12"" X W5""",$35.00 USD,In Stock
0,709d5187-89f1-4897-a4cb-b70abb1acfeb,"ONE SIZE - H6"" X W6""",$13.50 USD,Out of stock
0,15103c07-407b-4034-87ea-7967521643a3,"ONE SIZE - H14"" X W5""",$35.00 USD,In Stock
0,4d82961d-ca89-4ef6-a00e-8eb9fb74d321,"ONE SIZE - H4"" X W6""",$23.50 USD,In Stock
0,c5926f5d-72b8-4c7e-a060-711ff5e2c5ed,"MEDIUM - H9"" X W14""",$22.50 USD,More on the way
0,7e7d66fc-4a31-4922-88f4-5332a3ef5187,"MEDIUM - H12"" X W5""",$35.00 USD,In Stock
0,3279d7db-2ad3-4139-a50d-cf3e57579a22,"MEDIUM - H12"" X W5""",$31.00 USD,In Stock
0,4b1c52fb-6c1f-464c-942f-9a37ebc640b8,SMALL,$30.00 USD,In Stock
0,743b7ec1-dad6-435f-be12-bcb1a442115e,"MEDIUM - H12""",$25.00 USD,Returning to stock 2-3 months
1,743b7ec1-dad6-435f-be12-bcb1a442115e,"SMALL - H7""",$16.50 USD,Out of stock
0,38e3649b-0189-4825-a275-1a8a157a6178,"HUGE - H11"" X W13""",$75.00 USD,Out of stock
1,38e3649b-0189-4825-a275-1a8a157a6178,"LARGE - H7"" X W7""",$27.50 USD,In Stock
2,38e3649b-0189-4825-a275-1a8a157a6178,"SMALL - H5"" X W7""",$20.00 USD,More on the way
0,460a147d-b9b5-4559-aef1-dc751c72daed,"ONE SIZE - H9"" X W4""",$25.00 USD,In Stock
0,5f98e0d5-ebff-4a52-85db-16021fd98328,"MEDIUM - H12"" X W5""",$25.00 USD,In Stock
1,5f98e0d5-ebff-4a52-85db-16021fd98328,"SMALL - H7"" X W4""",$16.50 USD,Out of stock
0,c58968c7-a012-4bee-8911-dabca6877829,"ONE SIZE - H11"" X W8""",$40.00 USD,In Stock
0,02d93b93-101d-47bb-8a89-411d96fba1d0,"ONE SIZE - H18"" X W6""",$75.00 USD,In Stock
0,67d3d1b0-3a6a-4e08-bca0-bc8f9acd880a,"ONE SIZE - H6""",$3.00 USD,Out of stock
0,8a62c086-eaf5-4678-bbff-3061fad50999,"ONE SIZE - H11"" X W9""",$17.00 USD,In Stock
0,c5a7a4ea-e3c0-46f9-a047-9ed7632f110e,"ONE SIZE - H2"" X W6""",$15.00 USD,Out of stock
0,6b9b4df2-a51c-415a-85a7-f712c59f28ae,"MEDIUM - H9"" X W6""",$32.50 USD,Returning to stock 3-4 weeks
0,d433ad9e-2b05-435c-beb4-43f7ed34eb54,"ONE SIZE - H6"" X W3""",$17.50 USD,In Stock
0,72ccb266-0a91-45ad-9c1b-400de8f7b2fe,"HUGE - H7"" X W26""",$110.00 USD,Out of stock
1,72ccb266-0a91-45ad-9c1b-400de8f7b2fe,"MEDIUM - H5"" X W20""",$55.00 USD,In Stock
2,72ccb266-0a91-45ad-9c1b-400de8f7b2fe,"LITTLE - H3"" X W12""",$28.50 USD,In Stock
0,b0fb8fe1-8b6d-4cf9-959e-0a0a39fe84fe,"ONE SIZE - H7"" X W4""",$27.50 USD,In Stock
0,57b9f46a-8613-4380-86a4-1c48ef517e7d,"MEDIUM - H12"" X W5""",$35.00 USD,In Stock
0,8899e29c-59d6-421f-8460-6d292287bd97,"HUGE - H17"" X W7""",$45.00 USD,Out of stock
1,8899e29c-59d6-421f-8460-6d292287bd97,"MEDIUM - H10"" X W5""",$25.00 USD,More on the way
0,ed818205-ef7e-42c1-84c0-8ba664e17289,"ONE SIZE - H6"" X W6""",$13.50 USD,In Stock
0,b07881fe-000f-4b6d-acc5-f878e638e588,"ONE SIZE - H11"" X W4""",$40.00 USD,In Stock
0,29691f3a-e6ad-453e-8cd0-5b22c8197d64,"MEDIUM - H12"" X W5""",$25.00 USD,In Stock
1,29691f3a-e6ad-453e-8cd0-5b22c8197d64,"SMALL - H7"" X W4""",$16.50 USD,In Stock
0,67da3638-249a-4f65-973b-2a474e78ef84,"ONE SIZE - H6"" X W5""",$35.00 USD,Out of stock
0,c5470bee-bebd-49ca-84e7-97c7225f3023,"MEDIUM - H12"" X W5""",$25.00 USD,In Stock
1,c5470bee-bebd-49ca-84e7-97c7225f3023,"SMALL - H7"" X W4""",$16.50 USD,Returning to stock 2-3 months
0,5d93378b-5e34-464a-977b-c5b2cab2eb17,"ONE SIZE - H6"" X W6""",$20.00 USD,In Stock
0,551758ed-fcbf-4499-a59b-787be9548ffa,"ONE SIZE - H6"" X W4""",$28.00 USD,In Stock
0,e2b2bb46-aee4-4262-997a-5f244d2a9a2f,"ONE SIZE - H4"" X W2""",$23.00 USD,In Stock
0,6e00ef00-bba6-4667-95b9-65a60aa80e3e,"ONE SIZE - H8"" X W8""",$15.00 USD,In Stock
0,25410ac3-c0d2-448b-b00d-aa162f6ac2bd,"ONE SIZE - H16"" X W4""",$40.00 USD,In Stock
0,3256ab99-69f5-4ab1-be31-b5b98e6748fb,"ONE SIZE - H16"" X W4""",$37.50 USD,In Stock
0,32d43c9c-cef7-4d19-bdc8-eede24d38d9a,"ONE SIZE - H7"" X W3""",$25.00 USD,In Stock
0,773c7491-7a4f-4b95-a9d1-8f694f5484de,"MEDIUM - H12"" X W5""",$37.50 USD,Returning to stock 2-3 months
0,af859385-416f-41f1-81ec-5227520fdb76,"ONE SIZE - H13"" X W13""",$25.00 USD,In Stock
0,bed97ba2-93c7-4e1e-9f86-29e7242d2d28,"HUGE - H20"" X W8""",$73.50 USD,In Stock
0,4ae6edc6-c4a1-43f7-95c7-7cc6a622a233,"ONE SIZE - H7"" X W2""",$25.00 USD,In Stock
0,0ebcfa04-2c21-4b5f-8cef-f258844c8a45,"ONE SIZE - H11"" X W7""",$20.00 USD,In Stock
0,e359c794-c0ad-4966-8701-db9ece035c72,"MEDIUM - H12"" X W5""",$31.00 USD,In Stock
0,e4741798-b2eb-4a1e-b998-6756f13dac19,"MEDIUM - H12"" X W5""",$37.50 USD,In Stock
0,6605b277-6372-45e7-919c-1fb1d3bc41c1,"ONE SIZE - H11"" X W4""",$25.00 USD,In Stock
0,48bffe17-b34a-4260-a111-991e457bde31,"VERY BIG - H43"" X W18""",$180.00 USD,More on the way
1,48bffe17-b34a-4260-a111-991e457bde31,"REALLY BIG - H26"" X W11""",$100.00 USD,In Stock
2,48bffe17-b34a-4260-a111-991e457bde31,"HUGE - H20"" X W8""",$67.50 USD,In Stock
3,48bffe17-b34a-4260-a111-991e457bde31,"LARGE - H14"" X W6""",$37.50 USD,Out of stock
4,48bffe17-b34a-4260-a111-991e457bde31,"MEDIUM - H12"" X W5""",$25.00 USD,More on the way
5,48bffe17-b34a-4260-a111-991e457bde31,"SMALL - H7"" X W4""",$16.50 USD,In Stock
6,48bffe17-b34a-4260-a111-991e457bde31,"TINY - H5"" X W2""",$10.00 USD,Out of stock
0,7584c827-1b21-4d98-b043-7577fbec0fda,"MEDIUM - H12"" X W5""",$25.00 USD,More on the way
1,7584c827-1b21-4d98-b043-7577fbec0fda,"SMALL - H7"" X W4""",$16.50 USD,More on the way
0,5b314757-a6ef-47dc-a6b6-0f9be17938ab,"HUGE - H20"" X W8""",$85.00 USD,Out of stock
1,5b314757-a6ef-47dc-a6b6-0f9be17938ab,"MEDIUM - H12"" X W5""",$35.00 USD,In Stock
0,ef12a561-8009-496f-bf98-558d76bd9aae,"ONE SIZE - H13"" X W13""",$25.00 USD,In Stock
0,f681c614-fa62-4031-9976-407b58950974,"ONE SIZE - H8"" X W4""",$23.50 USD,In Stock
0,6f6e58db-a565-4fa0-a5c4-5269a745a0e1,"MEDIUM - H12"" X W5""",$35.00 USD,In Stock
0,884af2d4-4320-49d9-83cc-352a55c5e1e7,"ONE SIZE - H7"" X W4""",$20.00 USD,In Stock
0,ac04f9c1-f09d-45fd-9f58-73e558c638d9,"MEDIUM - H12"" X W5""",$35.00 USD,In Stock
0,d71b1b16-a7bb-4b23-83d9-f639074483da,"ONE SIZE - H9"" X W14""",$27.50 USD,Out of stock
0,880d7e69-61d5-4b14-8151-8fc0630dbb25,"ONE SIZE - H13"" X W13""",$31.00 USD,In Stock
0,019c7720-5385-4d1d-b79c-8965b8493941,MEDIUM,$42.50 USD,In Stock
0,8e96dd83-419b-4a96-a2bc-88f74eb5a2c2,"MEDIUM - H12"" X W5""",$35.00 USD,In Stock
0,d925af19-cb22-4445-82ab-f799cab150b8,"ONE SIZE - H8"" X W5""",$37.50 USD,In Stock
0,9372ee1f-d478-40df-aa06-88bd0db7b39c,"ONE SIZE - H11"" X W4""",$27.50 USD,More on the way
0,7294c2cd-6655-453d-8447-c41db482d516,"ONE SIZE - H9"" X W7""",$17.00 USD,Returning to stock 2-3 months
0,24a78f58-cbb1-4057-af16-4f3ca355b40b,"HUGE - H20"" X W8""",$91.00 USD,In Stock
0,7051f51f-5308-4df4-95ec-f6ba8848a58f,"HUGE - H7"" X W26""",$110.00 USD,In Stock
1,7051f51f-5308-4df4-95ec-f6ba8848a58f,"MEDIUM - H5"" X W20""",$55.00 USD,In Stock
2,7051f51f-5308-4df4-95ec-f6ba8848a58f,"LITTLE - H3"" X W12""",$28.50 USD,In Stock
0,3b95842b-37d2-4021-9bd1-9f227dc3be06,"MEDIUM - H12"" X W5""",$41.00 USD,In Stock
0,d8b2c5c1-5648-4b38-a834-c0856267a969,"ONE SIZE - H13"" X W13""",$25.00 USD,Out of stock
0,0a5212f0-c354-4541-b413-de10e5b82760,"MEDIUM - H12"" X W5""",$31.00 USD,In Stock
0,ad0f8a53-799e-437d-a20a-c2741fb6bbc4,"MEDIUM - H12"" X W5""",$37.50 USD,In Stock
0,25d6f096-1bd5-4d6f-b5a1-a98df9853e71,"ONE SIZE - H6"" X W6""",$13.50 USD,In Stock
0,22de56a4-f696-4f54-b2a1-d22fb2b5dac5,"MEDIUM - H11"" X W5""",$35.00 USD,In Stock
0,611d9b00-fb52-413a-9a16-0094aabb3e09,"ONE SIZE - H11"" X W4""",$32.50 USD,In Stock
0,0fc03fa2-82be-4038-a65f-d6af3dbb8967,"MEDIUM - H13"" X W4""",$25.00 USD,In Stock
0,213fa19c-fb07-48ee-b2a4-dcdbd7b8af90,"MEDIUM - H9"" X W5""",$27.50 USD,More on the way
0,d5ef4df8-bb00-462a-bce2-28f6c64eed75,"MEDIUM - H12"" X W5""",$35.00 USD,In Stock
0,0223f257-94f5-4612-90d4-cef2d55f03bc,"MEDIUM - H12"" X W5""",$25.00 USD,More on the way
1,0223f257-94f5-4612-90d4-cef2d55f03bc,"SMALL - H7"" X W4""",$16.50 USD,More on the way
0,fdda9b95-c554-45ba-81e1-f9d8f3a1be30,"MEDIUM - H12"" X W5""",$35.00 USD,In Stock
0,652b7780-1afd-4d44-89e6-dbc289f60b39,"MEDIUM - H12"" X W5""",$31.00 USD,In Stock
